TimeKey,Time
T0000,00:00
T0001,00:01
T0002,00:02
T0003,00:03
T0004,00:04
T0005,00:05
T0006,00:06
T0007,00:07
T0008,00:08
T0009,00:09
T0010,00:10
T0011,00:11
T0012,00:12
T0013,00:13
T0014,00:14
T0015,00:15
T0016,00:16
T0017,00:17
T0018,00:18
T0019,00:19
T0020,00:20
T0021,00:21
T0022,00:22
T0023,00:23
T0024,00:24
T0025,00:25
T0026,00:26
T0027,00:27
T0028,00:28
T0029,00:29
T0030,00:30
T0031,00:31
T0032,00:32
T0033,00:33
T0034,00:34
T0035,00:35
T0036,00:36
T0037,00:37
T0038,00:38
T0039,00:39
T0040,00:40
T0041,00:41
T0042,00:42
T0043,00:43
T0044,00:44
T0045,00:45
T0046,00:46
T0047,00:47
T0048,00:48
T0049,00:49
T0050,00:50
T0051,00:51
T0052,00:52
T0053,00:53
T0054,00:54
T0055,00:55
T0056,00:56
T0057,00:57
T0058,00:58
T0059,00:59
T0100,01:00
T0101,01:01
T0102,01:02
T0103,01:03
T0104,01:04
T0105,01:05
T0106,01:06
T0107,01:07
T0108,01:08
T0109,01:09
T0110,01:10
T0111,01:11
T0112,01:12
T0113,01:13
T0114,01:14
T0115,01:15
T0116,01:16
T0117,01:17
T0118,01:18
T0119,01:19
T0120,01:20
T0121,01:21
T0122,01:22
T0123,01:23
T0124,01:24
T0125,01:25
T0126,01:26
T0127,01:27
T0128,01:28
T0129,01:29
T0130,01:30
T0131,01:31
T0132,01:32
T0133,01:33
T0134,01:34
T0135,01:35
T0136,01:36
T0137,01:37
T0138,01:38
T0139,01:39
T0140,01:40
T0141,01:41
T0142,01:42
T0143,01:43
T0144,01:44
T0145,01:45
T0146,01:46
T0147,01:47
T0148,01:48
T0149,01:49
T0150,01:50
T0151,01:51
T0152,01:52
T0153,01:53
T0154,01:54
T0155,01:55
T0156,01:56
T0157,01:57
T0158,01:58
T0159,01:59
T0200,02:00
T0201,02:01
T0202,02:02
T0203,02:03
T0204,02:04
T0205,02:05
T0206,02:06
T0207,02:07
T0208,02:08
T0209,02:09
T0210,02:10
T0211,02:11
T0212,02:12
T0213,02:13
T0214,02:14
T0215,02:15
T0216,02:16
T0217,02:17
T0218,02:18
T0219,02:19
T0220,02:20
T0221,02:21
T0222,02:22
T0223,02:23
T0224,02:24
T0225,02:25
T0226,02:26
T0227,02:27
T0228,02:28
T0229,02:29
T0230,02:30
T0231,02:31
T0232,02:32
T0233,02:33
T0234,02:34
T0235,02:35
T0236,02:36
T0237,02:37
T0238,02:38
T0239,02:39
T0240,02:40
T0241,02:41
T0242,02:42
T0243,02:43
T0244,02:44
T0245,02:45
T0246,02:46
T0247,02:47
T0248,02:48
T0249,02:49
T0250,02:50
T0251,02:51
T0252,02:52
T0253,02:53
T0254,02:54
T0255,02:55
T0256,02:56
T0257,02:57
T0258,02:58
T0259,02:59
T0300,03:00
T0301,03:01
T0302,03:02
T0303,03:03
T0304,03:04
T0305,03:05
T0306,03:06
T0307,03:07
T0308,03:08
T0309,03:09
T0310,03:10
T0311,03:11
T0312,03:12
T0313,03:13
T0314,03:14
T0315,03:15
T0316,03:16
T0317,03:17
T0318,03:18
T0319,03:19
T0320,03:20
T0321,03:21
T0322,03:22
T0323,03:23
T0324,03:24
T0325,03:25
T0326,03:26
T0327,03:27
T0328,03:28
T0329,03:29
T0330,03:30
T0331,03:31
T0332,03:32
T0333,03:33
T0334,03:34
T0335,03:35
T0336,03:36
T0337,03:37
T0338,03:38
T0339,03:39
T0340,03:40
T0341,03:41
T0342,03:42
T0343,03:43
T0344,03:44
T0345,03:45
T0346,03:46
T0347,03:47
T0348,03:48
T0349,03:49
T0350,03:50
T0351,03:51
T0352,03:52
T0353,03:53
T0354,03:54
T0355,03:55
T0356,03:56
T0357,03:57
T0358,03:58
T0359,03:59
T0400,04:00
T0401,04:01
T0402,04:02
T0403,04:03
T0404,04:04
T0405,04:05
T0406,04:06
T0407,04:07
T0408,04:08
T0409,04:09
T0410,04:10
T0411,04:11
T0412,04:12
T0413,04:13
T0414,04:14
T0415,04:15
T0416,04:16
T0417,04:17
T0418,04:18
T0419,04:19
T0420,04:20
T0421,04:21
T0422,04:22
T0423,04:23
T0424,04:24
T0425,04:25
T0426,04:26
T0427,04:27
T0428,04:28
T0429,04:29
T0430,04:30
T0431,04:31
T0432,04:32
T0433,04:33
T0434,04:34
T0435,04:35
T0436,04:36
T0437,04:37
T0438,04:38
T0439,04:39
T0440,04:40
T0441,04:41
T0442,04:42
T0443,04:43
T0444,04:44
T0445,04:45
T0446,04:46
T0447,04:47
T0448,04:48
T0449,04:49
T0450,04:50
T0451,04:51
T0452,04:52
T0453,04:53
T0454,04:54
T0455,04:55
T0456,04:56
T0457,04:57
T0458,04:58
T0459,04:59
T0500,05:00
T0501,05:01
T0502,05:02
T0503,05:03
T0504,05:04
T0505,05:05
T0506,05:06
T0507,05:07
T0508,05:08
T0509,05:09
T0510,05:10
T0511,05:11
T0512,05:12
T0513,05:13
T0514,05:14
T0515,05:15
T0516,05:16
T0517,05:17
T0518,05:18
T0519,05:19
T0520,05:20
T0521,05:21
T0522,05:22
T0523,05:23
T0524,05:24
T0525,05:25
T0526,05:26
T0527,05:27
T0528,05:28
T0529,05:29
T0530,05:30
T0531,05:31
T0532,05:32
T0533,05:33
T0534,05:34
T0535,05:35
T0536,05:36
T0537,05:37
T0538,05:38
T0539,05:39
T0540,05:40
T0541,05:41
T0542,05:42
T0543,05:43
T0544,05:44
T0545,05:45
T0546,05:46
T0547,05:47
T0548,05:48
T0549,05:49
T0550,05:50
T0551,05:51
T0552,05:52
T0553,05:53
T0554,05:54
T0555,05:55
T0556,05:56
T0557,05:57
T0558,05:58
T0559,05:59
T0600,06:00
T0601,06:01
T0602,06:02
T0603,06:03
T0604,06:04
T0605,06:05
T0606,06:06
T0607,06:07
T0608,06:08
T0609,06:09
T0610,06:10
T0611,06:11
T0612,06:12
T0613,06:13
T0614,06:14
T0615,06:15
T0616,06:16
T0617,06:17
T0618,06:18
T0619,06:19
T0620,06:20
T0621,06:21
T0622,06:22
T0623,06:23
T0624,06:24
T0625,06:25
T0626,06:26
T0627,06:27
T0628,06:28
T0629,06:29
T0630,06:30
T0631,06:31
T0632,06:32
T0633,06:33
T0634,06:34
T0635,06:35
T0636,06:36
T0637,06:37
T0638,06:38
T0639,06:39
T0640,06:40
T0641,06:41
T0642,06:42
T0643,06:43
T0644,06:44
T0645,06:45
T0646,06:46
T0647,06:47
T0648,06:48
T0649,06:49
T0650,06:50
T0651,06:51
T0652,06:52
T0653,06:53
T0654,06:54
T0655,06:55
T0656,06:56
T0657,06:57
T0658,06:58
T0659,06:59
T0700,07:00
T0701,07:01
T0702,07:02
T0703,07:03
T0704,07:04
T0705,07:05
T0706,07:06
T0707,07:07
T0708,07:08
T0709,07:09
T0710,07:10
T0711,07:11
T0712,07:12
T0713,07:13
T0714,07:14
T0715,07:15
T0716,07:16
T0717,07:17
T0718,07:18
T0719,07:19
T0720,07:20
T0721,07:21
T0722,07:22
T0723,07:23
T0724,07:24
T0725,07:25
T0726,07:26
T0727,07:27
T0728,07:28
T0729,07:29
T0730,07:30
T0731,07:31
T0732,07:32
T0733,07:33
T0734,07:34
T0735,07:35
T0736,07:36
T0737,07:37
T0738,07:38
T0739,07:39
T0740,07:40
T0741,07:41
T0742,07:42
T0743,07:43
T0744,07:44
T0745,07:45
T0746,07:46
T0747,07:47
T0748,07:48
T0749,07:49
T0750,07:50
T0751,07:51
T0752,07:52
T0753,07:53
T0754,07:54
T0755,07:55
T0756,07:56
T0757,07:57
T0758,07:58
T0759,07:59
T0800,08:00
T0801,08:01
T0802,08:02
T0803,08:03
T0804,08:04
T0805,08:05
T0806,08:06
T0807,08:07
T0808,08:08
T0809,08:09
T0810,08:10
T0811,08:11
T0812,08:12
T0813,08:13
T0814,08:14
T0815,08:15
T0816,08:16
T0817,08:17
T0818,08:18
T0819,08:19
T0820,08:20
T0821,08:21
T0822,08:22
T0823,08:23
T0824,08:24
T0825,08:25
T0826,08:26
T0827,08:27
T0828,08:28
T0829,08:29
T0830,08:30
T0831,08:31
T0832,08:32
T0833,08:33
T0834,08:34
T0835,08:35
T0836,08:36
T0837,08:37
T0838,08:38
T0839,08:39
T0840,08:40
T0841,08:41
T0842,08:42
T0843,08:43
T0844,08:44
T0845,08:45
T0846,08:46
T0847,08:47
T0848,08:48
T0849,08:49
T0850,08:50
T0851,08:51
T0852,08:52
T0853,08:53
T0854,08:54
T0855,08:55
T0856,08:56
T0857,08:57
T0858,08:58
T0859,08:59
T0900,09:00
T0901,09:01
T0902,09:02
T0903,09:03
T0904,09:04
T0905,09:05
T0906,09:06
T0907,09:07
T0908,09:08
T0909,09:09
T0910,09:10
T0911,09:11
T0912,09:12
T0913,09:13
T0914,09:14
T0915,09:15
T0916,09:16
T0917,09:17
T0918,09:18
T0919,09:19
T0920,09:20
T0921,09:21
T0922,09:22
T0923,09:23
T0924,09:24
T0925,09:25
T0926,09:26
T0927,09:27
T0928,09:28
T0929,09:29
T0930,09:30
T0931,09:31
T0932,09:32
T0933,09:33
T0934,09:34
T0935,09:35
T0936,09:36
T0937,09:37
T0938,09:38
T0939,09:39
T0940,09:40
T0941,09:41
T0942,09:42
T0943,09:43
T0944,09:44
T0945,09:45
T0946,09:46
T0947,09:47
T0948,09:48
T0949,09:49
T0950,09:50
T0951,09:51
T0952,09:52
T0953,09:53
T0954,09:54
T0955,09:55
T0956,09:56
T0957,09:57
T0958,09:58
T0959,09:59
T1000,10:00
T1001,10:01
T1002,10:02
T1003,10:03
T1004,10:04
T1005,10:05
T1006,10:06
T1007,10:07
T1008,10:08
T1009,10:09
T1010,10:10
T1011,10:11
T1012,10:12
T1013,10:13
T1014,10:14
T1015,10:15
T1016,10:16
T1017,10:17
T1018,10:18
T1019,10:19
T1020,10:20
T1021,10:21
T1022,10:22
T1023,10:23
T1024,10:24
T1025,10:25
T1026,10:26
T1027,10:27
T1028,10:28
T1029,10:29
T1030,10:30
T1031,10:31
T1032,10:32
T1033,10:33
T1034,10:34
T1035,10:35
T1036,10:36
T1037,10:37
T1038,10:38
T1039,10:39
T1040,10:40
T1041,10:41
T1042,10:42
T1043,10:43
T1044,10:44
T1045,10:45
T1046,10:46
T1047,10:47
T1048,10:48
T1049,10:49
T1050,10:50
T1051,10:51
T1052,10:52
T1053,10:53
T1054,10:54
T1055,10:55
T1056,10:56
T1057,10:57
T1058,10:58
T1059,10:59
T1100,11:00
T1101,11:01
T1102,11:02
T1103,11:03
T1104,11:04
T1105,11:05
T1106,11:06
T1107,11:07
T1108,11:08
T1109,11:09
T1110,11:10
T1111,11:11
T1112,11:12
T1113,11:13
T1114,11:14
T1115,11:15
T1116,11:16
T1117,11:17
T1118,11:18
T1119,11:19
T1120,11:20
T1121,11:21
T1122,11:22
T1123,11:23
T1124,11:24
T1125,11:25
T1126,11:26
T1127,11:27
T1128,11:28
T1129,11:29
T1130,11:30
T1131,11:31
T1132,11:32
T1133,11:33
T1134,11:34
T1135,11:35
T1136,11:36
T1137,11:37
T1138,11:38
T1139,11:39
T1140,11:40
T1141,11:41
T1142,11:42
T1143,11:43
T1144,11:44
T1145,11:45
T1146,11:46
T1147,11:47
T1148,11:48
T1149,11:49
T1150,11:50
T1151,11:51
T1152,11:52
T1153,11:53
T1154,11:54
T1155,11:55
T1156,11:56
T1157,11:57
T1158,11:58
T1159,11:59
T1200,12:00
T1201,12:01
T1202,12:02
T1203,12:03
T1204,12:04
T1205,12:05
T1206,12:06
T1207,12:07
T1208,12:08
T1209,12:09
T1210,12:10
T1211,12:11
T1212,12:12
T1213,12:13
T1214,12:14
T1215,12:15
T1216,12:16
T1217,12:17
T1218,12:18
T1219,12:19
T1220,12:20
T1221,12:21
T1222,12:22
T1223,12:23
T1224,12:24
T1225,12:25
T1226,12:26
T1227,12:27
T1228,12:28
T1229,12:29
T1230,12:30
T1231,12:31
T1232,12:32
T1233,12:33
T1234,12:34
T1235,12:35
T1236,12:36
T1237,12:37
T1238,12:38
T1239,12:39
T1240,12:40
T1241,12:41
T1242,12:42
T1243,12:43
T1244,12:44
T1245,12:45
T1246,12:46
T1247,12:47
T1248,12:48
T1249,12:49
T1250,12:50
T1251,12:51
T1252,12:52
T1253,12:53
T1254,12:54
T1255,12:55
T1256,12:56
T1257,12:57
T1258,12:58
T1259,12:59
T1300,13:00
T1301,13:01
T1302,13:02
T1303,13:03
T1304,13:04
T1305,13:05
T1306,13:06
T1307,13:07
T1308,13:08
T1309,13:09
T1310,13:10
T1311,13:11
T1312,13:12
T1313,13:13
T1314,13:14
T1315,13:15
T1316,13:16
T1317,13:17
T1318,13:18
T1319,13:19
T1320,13:20
T1321,13:21
T1322,13:22
T1323,13:23
T1324,13:24
T1325,13:25
T1326,13:26
T1327,13:27
T1328,13:28
T1329,13:29
T1330,13:30
T1331,13:31
T1332,13:32
T1333,13:33
T1334,13:34
T1335,13:35
T1336,13:36
T1337,13:37
T1338,13:38
T1339,13:39
T1340,13:40
T1341,13:41
T1342,13:42
T1343,13:43
T1344,13:44
T1345,13:45
T1346,13:46
T1347,13:47
T1348,13:48
T1349,13:49
T1350,13:50
T1351,13:51
T1352,13:52
T1353,13:53
T1354,13:54
T1355,13:55
T1356,13:56
T1357,13:57
T1358,13:58
T1359,13:59
T1400,14:00
T1401,14:01
T1402,14:02
T1403,14:03
T1404,14:04
T1405,14:05
T1406,14:06
T1407,14:07
T1408,14:08
T1409,14:09
T1410,14:10
T1411,14:11
T1412,14:12
T1413,14:13
T1414,14:14
T1415,14:15
T1416,14:16
T1417,14:17
T1418,14:18
T1419,14:19
T1420,14:20
T1421,14:21
T1422,14:22
T1423,14:23
T1424,14:24
T1425,14:25
T1426,14:26
T1427,14:27
T1428,14:28
T1429,14:29
T1430,14:30
T1431,14:31
T1432,14:32
T1433,14:33
T1434,14:34
T1435,14:35
T1436,14:36
T1437,14:37
T1438,14:38
T1439,14:39
T1440,14:40
T1441,14:41
T1442,14:42
T1443,14:43
T1444,14:44
T1445,14:45
T1446,14:46
T1447,14:47
T1448,14:48
T1449,14:49
T1450,14:50
T1451,14:51
T1452,14:52
T1453,14:53
T1454,14:54
T1455,14:55
T1456,14:56
T1457,14:57
T1458,14:58
T1459,14:59
T1500,15:00
T1501,15:01
T1502,15:02
T1503,15:03
T1504,15:04
T1505,15:05
T1506,15:06
T1507,15:07
T1508,15:08
T1509,15:09
T1510,15:10
T1511,15:11
T1512,15:12
T1513,15:13
T1514,15:14
T1515,15:15
T1516,15:16
T1517,15:17
T1518,15:18
T1519,15:19
T1520,15:20
T1521,15:21
T1522,15:22
T1523,15:23
T1524,15:24
T1525,15:25
T1526,15:26
T1527,15:27
T1528,15:28
T1529,15:29
T1530,15:30
T1531,15:31
T1532,15:32
T1533,15:33
T1534,15:34
T1535,15:35
T1536,15:36
T1537,15:37
T1538,15:38
T1539,15:39
T1540,15:40
T1541,15:41
T1542,15:42
T1543,15:43
T1544,15:44
T1545,15:45
T1546,15:46
T1547,15:47
T1548,15:48
T1549,15:49
T1550,15:50
T1551,15:51
T1552,15:52
T1553,15:53
T1554,15:54
T1555,15:55
T1556,15:56
T1557,15:57
T1558,15:58
T1559,15:59
T1600,16:00
T1601,16:01
T1602,16:02
T1603,16:03
T1604,16:04
T1605,16:05
T1606,16:06
T1607,16:07
T1608,16:08
T1609,16:09
T1610,16:10
T1611,16:11
T1612,16:12
T1613,16:13
T1614,16:14
T1615,16:15
T1616,16:16
T1617,16:17
T1618,16:18
T1619,16:19
T1620,16:20
T1621,16:21
T1622,16:22
T1623,16:23
T1624,16:24
T1625,16:25
T1626,16:26
T1627,16:27
T1628,16:28
T1629,16:29
T1630,16:30
T1631,16:31
T1632,16:32
T1633,16:33
T1634,16:34
T1635,16:35
T1636,16:36
T1637,16:37
T1638,16:38
T1639,16:39
T1640,16:40
T1641,16:41
T1642,16:42
T1643,16:43
T1644,16:44
T1645,16:45
T1646,16:46
T1647,16:47
T1648,16:48
T1649,16:49
T1650,16:50
T1651,16:51
T1652,16:52
T1653,16:53
T1654,16:54
T1655,16:55
T1656,16:56
T1657,16:57
T1658,16:58
T1659,16:59
T1700,17:00
T1701,17:01
T1702,17:02
T1703,17:03
T1704,17:04
T1705,17:05
T1706,17:06
T1707,17:07
T1708,17:08
T1709,17:09
T1710,17:10
T1711,17:11
T1712,17:12
T1713,17:13
T1714,17:14
T1715,17:15
T1716,17:16
T1717,17:17
T1718,17:18
T1719,17:19
T1720,17:20
T1721,17:21
T1722,17:22
T1723,17:23
T1724,17:24
T1725,17:25
T1726,17:26
T1727,17:27
T1728,17:28
T1729,17:29
T1730,17:30
T1731,17:31
T1732,17:32
T1733,17:33
T1734,17:34
T1735,17:35
T1736,17:36
T1737,17:37
T1738,17:38
T1739,17:39
T1740,17:40
T1741,17:41
T1742,17:42
T1743,17:43
T1744,17:44
T1745,17:45
T1746,17:46
T1747,17:47
T1748,17:48
T1749,17:49
T1750,17:50
T1751,17:51
T1752,17:52
T1753,17:53
T1754,17:54
T1755,17:55
T1756,17:56
T1757,17:57
T1758,17:58
T1759,17:59
T1800,18:00
T1801,18:01
T1802,18:02
T1803,18:03
T1804,18:04
T1805,18:05
T1806,18:06
T1807,18:07
T1808,18:08
T1809,18:09
T1810,18:10
T1811,18:11
T1812,18:12
T1813,18:13
T1814,18:14
T1815,18:15
T1816,18:16
T1817,18:17
T1818,18:18
T1819,18:19
T1820,18:20
T1821,18:21
T1822,18:22
T1823,18:23
T1824,18:24
T1825,18:25
T1826,18:26
T1827,18:27
T1828,18:28
T1829,18:29
T1830,18:30
T1831,18:31
T1832,18:32
T1833,18:33
T1834,18:34
T1835,18:35
T1836,18:36
T1837,18:37
T1838,18:38
T1839,18:39
T1840,18:40
T1841,18:41
T1842,18:42
T1843,18:43
T1844,18:44
T1845,18:45
T1846,18:46
T1847,18:47
T1848,18:48
T1849,18:49
T1850,18:50
T1851,18:51
T1852,18:52
T1853,18:53
T1854,18:54
T1855,18:55
T1856,18:56
T1857,18:57
T1858,18:58
T1859,18:59
T1900,19:00
T1901,19:01
T1902,19:02
T1903,19:03
T1904,19:04
T1905,19:05
T1906,19:06
T1907,19:07
T1908,19:08
T1909,19:09
T1910,19:10
T1911,19:11
T1912,19:12
T1913,19:13
T1914,19:14
T1915,19:15
T1916,19:16
T1917,19:17
T1918,19:18
T1919,19:19
T1920,19:20
T1921,19:21
T1922,19:22
T1923,19:23
T1924,19:24
T1925,19:25
T1926,19:26
T1927,19:27
T1928,19:28
T1929,19:29
T1930,19:30
T1931,19:31
T1932,19:32
T1933,19:33
T1934,19:34
T1935,19:35
T1936,19:36
T1937,19:37
T1938,19:38
T1939,19:39
T1940,19:40
T1941,19:41
T1942,19:42
T1943,19:43
T1944,19:44
T1945,19:45
T1946,19:46
T1947,19:47
T1948,19:48
T1949,19:49
T1950,19:50
T1951,19:51
T1952,19:52
T1953,19:53
T1954,19:54
T1955,19:55
T1956,19:56
T1957,19:57
T1958,19:58
T1959,19:59
T2000,20:00
T2001,20:01
T2002,20:02
T2003,20:03
T2004,20:04
T2005,20:05
T2006,20:06
T2007,20:07
T2008,20:08
T2009,20:09
T2010,20:10
T2011,20:11
T2012,20:12
T2013,20:13
T2014,20:14
T2015,20:15
T2016,20:16
T2017,20:17
T2018,20:18
T2019,20:19
T2020,20:20
T2021,20:21
T2022,20:22
T2023,20:23
T2024,20:24
T2025,20:25
T2026,20:26
T2027,20:27
T2028,20:28
T2029,20:29
T2030,20:30
T2031,20:31
T2032,20:32
T2033,20:33
T2034,20:34
T2035,20:35
T2036,20:36
T2037,20:37
T2038,20:38
T2039,20:39
T2040,20:40
T2041,20:41
T2042,20:42
T2043,20:43
T2044,20:44
T2045,20:45
T2046,20:46
T2047,20:47
T2048,20:48
T2049,20:49
T2050,20:50
T2051,20:51
T2052,20:52
T2053,20:53
T2054,20:54
T2055,20:55
T2056,20:56
T2057,20:57
T2058,20:58
T2059,20:59
T2100,21:00
T2101,21:01
T2102,21:02
T2103,21:03
T2104,21:04
T2105,21:05
T2106,21:06
T2107,21:07
T2108,21:08
T2109,21:09
T2110,21:10
T2111,21:11
T2112,21:12
T2113,21:13
T2114,21:14
T2115,21:15
T2116,21:16
T2117,21:17
T2118,21:18
T2119,21:19
T2120,21:20
T2121,21:21
T2122,21:22
T2123,21:23
T2124,21:24
T2125,21:25
T2126,21:26
T2127,21:27
T2128,21:28
T2129,21:29
T2130,21:30
T2131,21:31
T2132,21:32
T2133,21:33
T2134,21:34
T2135,21:35
T2136,21:36
T2137,21:37
T2138,21:38
T2139,21:39
T2140,21:40
T2141,21:41
T2142,21:42
T2143,21:43
T2144,21:44
T2145,21:45
T2146,21:46
T2147,21:47
T2148,21:48
T2149,21:49
T2150,21:50
T2151,21:51
T2152,21:52
T2153,21:53
T2154,21:54
T2155,21:55
T2156,21:56
T2157,21:57
T2158,21:58
T2159,21:59
T2200,22:00
T2201,22:01
T2202,22:02
T2203,22:03
T2204,22:04
T2205,22:05
T2206,22:06
T2207,22:07
T2208,22:08
T2209,22:09
T2210,22:10
T2211,22:11
T2212,22:12
T2213,22:13
T2214,22:14
T2215,22:15
T2216,22:16
T2217,22:17
T2218,22:18
T2219,22:19
T2220,22:20
T2221,22:21
T2222,22:22
T2223,22:23
T2224,22:24
T2225,22:25
T2226,22:26
T2227,22:27
T2228,22:28
T2229,22:29
T2230,22:30
T2231,22:31
T2232,22:32
T2233,22:33
T2234,22:34
T2235,22:35
T2236,22:36
T2237,22:37
T2238,22:38
T2239,22:39
T2240,22:40
T2241,22:41
T2242,22:42
T2243,22:43
T2244,22:44
T2245,22:45
T2246,22:46
T2247,22:47
T2248,22:48
T2249,22:49
T2250,22:50
T2251,22:51
T2252,22:52
T2253,22:53
T2254,22:54
T2255,22:55
T2256,22:56
T2257,22:57
T2258,22:58
T2259,22:59
T2300,23:00
T2301,23:01
T2302,23:02
T2303,23:03
T2304,23:04
T2305,23:05
T2306,23:06
T2307,23:07
T2308,23:08
T2309,23:09
T2310,23:10
T2311,23:11
T2312,23:12
T2313,23:13
T2314,23:14
T2315,23:15
T2316,23:16
T2317,23:17
T2318,23:18
T2319,23:19
T2320,23:20
T2321,23:21
T2322,23:22
T2323,23:23
T2324,23:24
T2325,23:25
T2326,23:26
T2327,23:27
T2328,23:28
T2329,23:29
T2330,23:30
T2331,23:31
T2332,23:32
T2333,23:33
T2334,23:34
T2335,23:35
T2336,23:36
T2337,23:37
T2338,23:38
T2339,23:39
T2340,23:40
T2341,23:41
T2342,23:42
T2343,23:43
T2344,23:44
T2345,23:45
T2346,23:46
T2347,23:47
T2348,23:48
T2349,23:49
T2350,23:50
T2351,23:51
T2352,23:52
T2353,23:53
T2354,23:54
T2355,23:55
T2356,23:56
T2357,23:57
T2358,23:58
T2359,23:59
