F01,F02,T
-67.75367388038227,34.23146306214908,1
-37.63275862052634,-2.0114819432763054,1
17.100492480880998,28.682979863312987,0
-65.45159827354571,50.99083790770158,1
96.80404178253077,107.6757061056517,0
-41.8819841693839,-86.32710939803533,1
86.46123263066326,102.27613736382759,0
32.64556922801169,45.649936996475496,0
-61.1023829902027,84.60552656930935,1
-83.15794539950481,64.5488394840093,1
-0.31872390622592617,-15.036973047457437,1
35.13719908958438,34.26575388709797,0
4.704732101012904,19.90293670027341,0
-48.723072782313956,59.866967192965035,1
-68.42025408338851,85.35846977116934,1
-40.39951099787896,30.84385420013305,1
81.54038716713683,84.04577119309195,0
118.38045659171952,112.66974252964377,0
42.43433067202284,42.069671498766276,0
-4.474891460394515,1.587355949335273,0
4.799410343166555,-0.49195721932552283,0
-27.860868715378327,52.66402479760919,1
-29.39859605830041,-31.385098732259298,1
35.635451986020115,32.25383596434154,0
-41.85143679467183,-40.64048219145382,0
-17.165485157223408,25.10434310054075,1
-63.65237248311426,114.17309148870301,1
82.938168744645,70.60969312999936,0
34.51257036419545,32.77354244994955,0
81.88087999353941,83.7714889840377,0
-43.554015934175254,-63.87392870186961,1
0.0854300217915438,5.488029359381241,0
-81.57884515187139,73.82834345918874,1
-27.94247719094657,28.421093036314808,1
8.113759010506216,26.39063896634008,0
38.218611340829426,28.473603930629,0
-13.770886873203814,-0.21132218847195183,0
-4.990215008269971,2.1728970468387288,0
-26.734180812269457,-11.87415537589025,0
-22.024484964986357,49.21445511791158,1
1.4205386704211564,6.396750320008637,0
-62.01088817533018,74.85014419368761,1
2.9121874899245337,0.6028944139146508,0
49.162780556796335,44.508090145848,0
-50.178795057067305,-48.1652024354956,0
-49.07180545534786,3.787307408551949,1
-69.16068718395685,-60.550684505545064,0
-53.94069658955875,43.53286423601644,1
99.21202078700418,91.50426832878786,0
-8.366597847996815,-26.710772862952513,1
-53.90106209502525,77.90094129552797,1
60.80493293893272,33.08652024918839,0
14.049853496942543,-50.00443041120026,1
-18.884540643769952,9.604328262969187,1
-52.39859563387726,77.98956651004548,1
0.9459354025196376,38.50630421599523,1
-51.62588533973936,15.519057593761021,1
18.075113680422454,2.45880520961016,0
-4.633218533388828,-9.610554043941,1
51.36711349399539,37.80197889891522,0
47.60821282957357,43.62023424662126,0
-52.08415011181092,116.00431703890254,1
-29.156898570449926,57.62681533121714,1
8.299254887094975,5.33254963785823,0
-32.11470236313312,10.004918814137193,1
-60.573952885603276,132.20867015846918,1
-33.67623765376362,-15.417925987707948,1
-27.47550646961242,45.718982729378276,1
-89.16741670352073,66.23443737650854,1
117.01367459965182,108.3992967453518,0
38.427690701045634,39.5711859248755,0
-50.77667611306057,118.94509543326572,1
-61.57394608968407,3.8240811816244946,1
34.778336675287036,43.893730606856906,0
37.62650621260062,41.70628060064475,0
-9.607200776506824,0.7223606603413812,1
88.49779894258059,75.08635966275743,0
43.28782427908365,41.1721444479693,0
-57.11947390083459,100.24736826815138,1
-49.60809289883248,26.051048124744458,1
-22.785961028822854,-28.578807366367254,1
6.425872188646103,26.672166072766153,0
-45.06225706303606,-30.7994503657391,0
34.506502208505005,60.17899085970666,0
-31.63497469416277,-9.507881745620272,1
-55.682775689753406,23.642511258734622,1
-56.27676113310833,-45.57833233895908,0
69.27867969265543,76.64806823518316,0
-26.12207395227322,15.138515628416183,1
127.62038214557019,118.18167333745693,0
-37.14138527996095,-21.379438023546584,0
48.359290255628274,43.701730740880436,0
4.884454478250378,-5.712399539102653,0
-45.624545685266185,70.9035563884477,1
-3.3685513582706883,-4.011546016175038,1
-46.67694970526578,74.24151611278805,1
-44.54637055205254,26.654227597289253,1
-71.41989236432455,4.824745687722299,1
-14.089897803871098,6.208789543976745,1
82.75128678477628,64.54133140133888,0
28.02006812005774,27.123301597932514,0
-70.67637181535004,112.11458854740877,1
79.82416405492975,94.34311912602693,0
-9.358927536678852,-5.354318975579353,0
-37.94387412072127,-0.14376455726217152,1
-9.747859021062455,-14.860870946548754,0
-57.870516102910194,54.71161207206878,1
-22.981329617576897,-19.624362020631093,0
17.224222156786027,19.30935534835608,0
37.20817558406539,39.36916929936092,0
43.93401650202149,49.06906664907884,0
132.91473590687886,126.74630397089521,0
42.86184102023248,48.86384952521047,0
-62.44433672833631,65.6476468234885,1
82.30872731948497,68.43183640503597,0
-12.12723169959753,-19.648991069610354,0
-25.646320800597096,12.657368671077435,1
-34.62782028506537,18.76239748703353,1
-29.2296972345752,13.013226064667071,1
76.04908004738326,82.81927367253724,0
3.048647081535061,12.15509233774088,0
64.77428239865156,49.59839456805467,0
-25.179777603271305,-7.656265548585283,0
9.593406599169473,7.431556071352241,0
-60.93443028093451,70.4171908447196,1
-52.97670752607082,-35.27954831151393,1
-69.78702972313833,127.90373699580688,1
-51.69946346084215,65.91771674160267,1
103.16283372801469,96.10587546534141,0
-53.71273738922152,35.09134044050237,1
-48.89044710592502,99.00570088651666,1
42.409665034721094,60.30349547020871,0
-77.194507171573,41.83251514711159,1
-51.99957753267852,-1.7632489251073302,1
-61.33242462574423,9.692518800162198,1
-20.752730094590476,-96.5532378058388,1
-31.807540027162208,41.905732560642704,1
-41.79599421333544,-11.254546529219212,1
-71.25284154235591,40.98757301465056,1
61.11172142639328,64.77962201578539,0
-80.31958205538731,102.54340606868712,1
9.536837946060055,8.703353065285114,0
-45.40655933364489,57.752923134140275,1
-66.52926209476708,85.15705578900598,1
-56.35830181116091,42.00546979455455,1
5.6408616330782095,16.94636004723158,0
-57.21324700078038,79.0328914194514,1
-64.81483050201709,86.98511009945452,1
8.554219301011424,4.371226434246761,0
91.26180754239226,71.28386487007874,0
-72.99457460637453,97.60733534259222,1
136.2659782207161,143.47094885903337,0
100.25536381519771,93.87642241011818,0
93.92135137905645,94.65105024220927,0
-41.01379678725766,-13.539120499489455,0
-35.06060675023115,15.908828920845702,1
41.78328558756257,43.94012770776685,0
27.92401920881733,20.914395405987573,0
87.47057046536453,69.11058132924856,0
-4.770752269001866,-11.06738188702916,0
49.779531449900425,45.06026403823663,0
36.00146963446112,30.726409035631065,0
-55.339676961139894,-34.14593900914529,1
-32.428465311622425,34.90214347586994,1
37.4148734996696,36.670005749596505,0
-72.66355488136789,137.03607014955784,1
36.5506776648854,36.60253809840226,0
83.52073042355418,88.7738765470526,0
34.93209742918756,40.247018455766,0
-77.49098618182803,79.83386098592706,1
-16.093843119506335,8.181484515885346,1
95.07446103389259,86.46617300952015,0
85.30448373699035,73.46684797506595,0
-85.49383269236166,78.07191451532836,1
61.726477054142116,72.28277978503625,0
-11.017509223906274,-3.5923159836857455,0
-64.70558951848055,110.47074648028993,1
-37.37827250979653,-24.773601439251756,0
6.5022992284592185,-25.568085789588444,1
-24.645805152754036,7.7099026132411765,1
-45.43683163021868,72.55132820322594,1
-4.365862888743289,-19.6594703293563,1
-2.479693182943421,-8.784208769577862,1
47.448397361824014,60.809792127103066,0
10.672745579424703,-11.397894153703303,0
77.79788702396489,75.68957613517951,0
-37.17434636387436,-41.19152009503452,0
0.00922671303131839,46.85390470317886,1
2.2073361459647334,-7.886527518904163,1
70.8095877495719,72.66361399185791,0
116.54957114873581,112.2369818084278,0
-58.63608068789146,97.1071239771396,1
-49.85559486697841,2.1238473161920735,1
-48.60260531505378,125.57397906209641,1
-67.64608767343996,79.84534427826067,1
-34.359090298408525,66.66042518447655,1
-40.48276061398756,34.95448646028197,1
98.07715944120145,89.12985756378366,0
-12.904910585554413,5.43310220192339,1
-62.333455253323244,11.20767270689273,1
49.65009067190003,63.72159970181455,0
91.50442577514303,91.8791821683982,0
-66.6326330526289,83.43400269313904,1
-17.12489904929062,-18.81864964655755,0
-53.36346301349627,28.64090534677309,1
-138.53349640148426,111.51260118260238,1
63.846877838104035,46.23250308613549,0
89.10476764697702,74.86871068609821,0
-66.8111579300333,26.629607222567497,1
115.50058677873703,102.72199861721776,0
-24.27049533375389,13.587367250069448,1
25.633652103876287,22.529903501302726,0
-56.064680218379934,-19.409780175708292,1
-92.60101535321918,-77.20550997052153,0
-13.640485488059284,5.654296074426557,0
-91.71384545243183,35.019160361625445,1
21.269910078508715,22.163002240489877,0
-6.003138158299231,-17.72429578666328,1
-67.45647114499296,76.4214555047046,1
-47.858070972942244,98.02058624100447,1
-101.22036128759477,120.69194310720235,1
-61.21443759244738,5.158743642511027,1
-62.73995426968444,99.33658555738798,1
-18.727635440348188,-28.026537600600587,0
8.287231253871635,-8.459363870018887,0
-48.05900386077834,-1.4439099561529778,1
0.8728525728515291,-9.875010643865378,0
-11.418073233338543,-2.814535441369237,0
-27.24861602600457,43.19631486496098,1
-57.3393184650848,20.9233527688588,1
9.033394874935663,18.58532113992446,0
-62.36568440306256,85.97141909283103,1
-9.265249186337988,-3.9943597707504885,0
-55.87119058694816,130.12903509719118,1
42.401676324633776,52.22948783824841,0
-55.076658157210844,23.613595711978807,1
-8.855805900917757,1.83929147811287,1
-63.87266435201199,41.1911917151688,1
27.818288442701917,15.542442451087874,0
-59.857699288710876,72.07985846319578,1
40.76416675634816,42.662933231783185,0
141.8695651910715,136.22256839010956,0
-77.71262597852527,158.95024042306108,1
48.89182385170719,43.041762269301266,0
-30.564119464593304,62.09317900317023,1
-41.765347519132085,66.86793035476579,1
-66.30565864498254,90.29855901610767,1
-47.66853316480729,80.79784158860816,1
-42.73488433383245,-14.477059683478865,1
58.27011162424988,49.31053993724566,0
99.35930653385823,95.40590563773978,0
-81.08306286418208,109.65398804784763,1
-25.293799816340428,43.24977444147719,1
103.65318877473013,113.33650152361183,0
-30.415581690558614,6.3602608899787025,0
-44.717888103971504,89.19427760292973,1
-60.640112783801484,51.70536628110525,1
142.55986909551345,150.64992017562352,0
-45.41305396219937,71.97125882909108,1
-59.44804116574623,68.69079614314698,1
-48.016553281452296,53.41575480267991,1
60.08740018974789,60.86936356437798,0
66.83648067792758,61.10382128502687,0
-59.202935214213916,63.09415793385097,1
56.801341276967634,64.59718952858839,0
24.150941685808096,18.13232223070026,0
42.04142091050774,37.84569319688907,0
-32.635747941228175,-17.85457177576195,1
4.10585384543769,1.6091975892000288,0
-47.80125386555321,66.05449278612487,1
-19.302518240270306,-10.747833537923324,0
25.94537488648079,20.476109066738335,0
-60.96139183664372,95.45834382066253,1
-53.941836525772125,39.78377033359303,1
-41.81969947194574,91.83307898892636,1
-36.02764934233688,-30.33846011542789,0
31.63310302049246,40.690995927757164,0
22.112145110895497,28.258365249355887,0
-46.02706519147412,145.64531844813135,1
-37.49476465221006,50.94913051729909,1
138.6451480644861,128.02573571707433,0
-67.0933635122461,76.68867352403343,1
-77.76862926227133,-57.752870266623106,0
-37.584115354729725,53.715391067427106,0
77.43159447969181,88.02124838540307,0
57.75093178759347,69.15663565848189,0
-60.68315621547613,46.57424995045836,1
-46.0372806495016,-46.04983940623435,0
16.73106298228059,18.689288676295813,0
-49.265382838523045,51.218761237891165,1
19.611531533231467,23.82178071572827,0
-68.13346241943655,85.30210238003053,1
-48.78086759142757,45.538093259833964,1
68.20978880951768,66.95988526037877,0
-41.873641808156655,11.36527943893787,1
115.35413086918813,114.41748231814238,0
-55.00750082353579,73.8432179815557,1
28.01039286172888,38.907846543057936,0
87.07299766532999,87.46758379389384,0
-74.65649152481554,18.199335149605528,1
30.485924712507778,30.483112397415287,0
-14.060017591116935,0.5811517321407111,1
40.488811117871,33.63321453313357,0
104.78121694064902,91.15547221830526,0
-108.49571314357853,141.61957313798302,1
-66.88089484883135,114.19388072421692,1
-44.98843935631808,65.7225460923247,1
58.813036889501056,57.90981278675393,0
126.59044953050731,132.1555741385819,0
6.813273828800714,-60.744534294176056,1
-19.247066185104543,71.09407143964086,1
-25.239014062629938,-29.85736287510453,0
-84.69349752820038,115.26689102549592,1
42.38854456191366,40.24969594542276,0
-54.52274450079215,15.5084802070026,1
-14.327091550114101,13.538931108732255,1
-54.23604155703462,81.2773697536635,1
10.55703504142605,1.760005888553029,0
-46.202991124911094,49.384885393084986,1
70.76124492604184,80.19146874503457,0
-29.73341043660327,26.62882043880792,1
-80.13000433702177,-68.34532537514532,0
-0.044952287316590844,-3.436668917784358,0
-45.62249208800247,29.64472250195593,1
-89.93317114058445,79.1234930149032,1
-19.980143096149167,-70.60420676764537,1
-67.94927099306946,97.17199171043725,1
41.83354359005903,43.75433042569467,0
87.71575623057454,97.04193991735637,0
-60.01450692442442,40.639810231612124,1
73.65429707929223,68.17248170627546,0
-70.31496735010853,105.70048006831468,1
47.04897783398109,35.2431957207476,0
31.547966963302777,36.43597153979513,0
79.51502006297062,67.10973170726655,0
93.80325773591606,96.54623258534323,0
61.370909656149905,47.35112979491763,0
-46.59737499893939,14.115882932289898,1
121.66078799162521,112.4710040615872,0
32.268646604313076,33.37788028157586,0
-31.74215151576919,32.64583503813639,1
15.375111515345008,19.43036080320456,0
-87.95024227190726,82.72840264772931,1
-7.036755506626957,-3.9541317735101167,1
-50.49658421342027,5.61947941203541,1
-32.732825442708034,-15.2988850609045,1
17.001113233645114,26.08706798669886,0
64.27537117488393,63.370701008690446,0
-52.21629837916917,52.573057251711774,1
43.71729884536435,34.97276411575884,0
-55.7238529321659,89.87296489130058,1
-59.07712281419353,71.93596022506142,1
-44.22027441261965,-5.47750281321372,1
-37.99879713303693,1.8015913748465173,1
59.894105701457654,44.08663370231106,0
-16.321641353547957,-62.71358263179512,1
93.34064115400733,108.48462431343977,0
9.803908998445444,-75.93016391788936,1
-8.134747578607037,-13.176581162586931,0
-12.239509116084502,-14.577970008204154,0
105.53635086625017,104.22765649000314,0
-45.15214245297887,-72.66798022946328,1
43.598571754645185,64.35608946613075,0
-92.83981515070494,115.18453099193518,1
18.695690880207522,20.37017814975149,0
-59.03734078840376,91.88919601214266,1
4.802559328050965,10.878872700044207,0
-16.356394898594534,36.35567554514984,1
-93.67406047676052,67.8860838810744,1
-37.95667964280529,42.164901858133504,1
-52.2946117935175,37.74971908178689,1
123.65184977546902,133.2763249194089,0
-60.305183197333,41.30431503586727,1
-47.11579889630487,39.25409606258006,1
-38.74867402381278,11.559460557120122,1
-63.50128550553976,142.40616361125853,1
-23.80687200491473,22.976921092871557,1
-8.110777811954218,56.32934653218682,1
115.59638570159775,128.4018410532994,0
-70.62334033790893,33.75410214790847,1
60.7406162394846,66.68653239762091,0
-65.39677143604167,112.52878392440225,1
72.97547417263831,81.04771115988545,0
83.3895678928161,59.90955623352656,0
63.06622739788924,65.61971977941245,0
63.75769061368596,47.83393653409998,0
32.49257024969037,38.91122962981125,0
8.942728688667307,-7.665067704376794,0
101.75182356999406,104.78576636448818,0
142.6861283002892,118.68767041608793,0
-38.57168773145566,62.999922726582255,1
-106.87069599258913,52.56752422201259,1
-73.94202689734388,110.98161763901034,1
-22.80734246239359,5.586451989201141,1
-28.83166410163456,-27.610605883448656,0
-65.21793162926845,37.13973956751608,1
-55.89111117271109,85.56590552438466,1
40.40434695554026,39.20798392232274,0
-69.86286668416614,73.66425980209306,1
-63.756181075864916,95.3126027192196,1
59.787984396415084,48.32118015602818,0
-51.257522710243165,-31.136233443793603,1
81.67973997905179,80.77803481247311,0
-36.03961919696821,-39.144117859022785,0
12.886465261422686,-4.023260593146816,0
-88.76286555248427,149.913847618012,1
-52.53636242990055,60.04994374122723,1
53.52178463240567,52.50867460569687,0
88.73533690700144,71.42109200680484,0
-38.24146024270455,32.01513262960408,1
-22.86409874575982,4.620147345657455,1
117.04738178643758,122.81381302342265,0
-13.734558086469306,-15.262072861934184,0
-68.63641810288121,38.05716340699903,1
63.468830602133764,61.668267479987335,0
54.27418087358642,52.023661228790615,0
-80.46578677256024,52.53436378334844,1
73.58154304291004,70.46055836115805,0
64.50326612441711,72.88301369063984,0
63.24571113873927,38.884947778799464,0
-44.34945345973231,83.26393587338845,1
-46.26086260755453,39.67811386396618,1
-13.832846733056314,-6.35002679250718,0
-57.24072509043392,-8.383061734636376,1
-2.3631402384488687,-27.199981203715396,1
-43.631412226409815,-28.707186669349618,1
-31.771212384108004,61.265605773335864,1
-84.24306754012332,92.3417264500485,1
-57.00457328232342,64.42820893652403,1
-26.670697578899304,-14.18011579188796,0
76.26974384156338,90.6417875558667,0
7.659111655534268,15.637391167429582,0
-68.90837944439976,85.79674271495064,1
60.52545568387816,52.09351490921008,0
-22.813988268440728,5.995012618516676,1
-53.31835647434631,23.71566238337108,1
-20.836020647969843,-13.592198942327393,1
60.340563451267904,50.07385482972373,0
-22.88732694637804,31.501318968381074,1
43.566998932023814,46.18843399313273,0
136.03766358865985,130.563787362346,0
-16.177065553847434,-17.19018666000306,0
87.85349754514708,87.11819362332824,0
69.54718057741971,62.743840540600345,0
-9.7172263440505,38.17045711655172,1
-58.269155812876946,-3.0479697573909337,1
-57.026478134750214,-45.918217317371756,0
-68.33295560246782,46.96136615183238,1
-21.30683495079218,-21.826196685677914,1
32.912143784474054,30.22788476161451,0
88.24643514294384,65.82917874782122,0
26.68480075870139,46.51543035525681,0
151.56895152642954,148.805767664207,0
111.53420143079018,103.20358595317214,0
99.77200978228795,107.31794145777522,0
16.554404679234725,9.590104275397488,0
-21.78401395189852,-22.995168253095567,1
-76.1770714514535,123.92362829088457,1
-57.301315060306756,30.105876491562466,1
67.74761431629713,80.4661034045912,0
-96.93151262786806,-94.34806726516453,0
23.435077565833957,24.86672451690132,0
-54.492297625236844,44.77647804133199,1
11.183586337478129,29.553463317110435,0
3.0058576080691957,0.5700509813134635,0
-83.67934637947081,93.67038453140297,1
106.2008497826,92.72458546747924,0
32.88616026735119,24.283829848632376,0
-47.88131401752044,-39.63260335909668,0
54.914272991907744,62.04957457049032,0
5.7157461973812325,3.6815132702427364,0
-38.32362773912643,173.03794947611794,1
42.804028828920224,30.59657464021085,0
81.59750719121048,80.22164610969116,0
-38.65363040546207,36.57402040316822,1
-68.37260977124467,88.84705723468713,1
70.2711543529406,71.33093245262924,0
100.97516396298192,94.06726037297717,0
-87.73415792165827,82.0181329756162,1
-26.741835908203072,39.126532849517226,1
-73.00289354817708,186.08329409218268,1
51.91877847719625,31.13515324569269,0
-48.73919358052739,3.0455760172356072,1
49.27957123646216,67.5287212751657,0
11.211615413024912,52.11496623555849,0
47.090888545469966,43.17921247386092,0
-23.13889641865327,50.39035117663718,1
-42.799308853446874,35.767054034069076,1
-54.836547904177756,91.52812916048462,1
50.18493872260995,56.984248574991845,0
86.75477225042026,88.12198515380128,0
-44.43415400143213,12.330227715111096,1
-11.19877575152226,-7.364292325093258,1
20.70213625616902,40.46777413717489,0
-0.609051537150751,2.629768507536151,0
91.27218356920417,83.3938316249421,0
82.87087765604015,75.07637533754382,0
-12.091236864498233,-27.250147493234344,1
-34.91067978401012,14.647480744100205,1
-78.89077515814306,60.30463916666855,1
-60.60453490746691,56.53677606244114,1
-83.91327192819249,85.86646246502335,1
41.096331919941484,38.43226438442578,0
-39.305920359091026,51.52778551238061,1
14.677531724706128,25.311169363258635,0
40.20762747731482,47.61419057258243,0
60.335418890082416,64.54222455277323,0
167.82036151688155,153.3784593482937,0
14.288945145098547,27.11713995341465,0
-58.012827013471046,42.36544139459802,1
-57.90032778787445,32.903614996581,1
126.20687196194021,133.3551936822122,0
131.70325814478298,143.95521722632506,0
-32.63302721858652,25.276553979763655,1
52.25083213435223,33.949067925634886,0
36.184253248824724,30.58689711616213,0
66.09579130549034,83.44495521546447,0
-49.12769383173687,76.08234832833762,1
-12.275311030695224,-4.731710259712807,0
-85.9998447166609,140.74720913131222,1
107.22635772997961,94.54478565449133,0
13.200201389389154,19.469545255454733,0
-31.51962040237588,45.04709132984696,1
90.81942401108233,70.71140913841694,0
-83.57286076108505,86.66136049693883,1
119.03435726301635,124.50661577323383,0
50.069337543630574,42.600704733967845,0
-34.567905993043304,46.94850617118752,1
-25.59556906120777,36.25023908410485,1
60.850639179036634,57.140314394221924,0
-6.384989107064576,0.10437710002624279,0
-6.574274296307142,110.00357054370224,1
48.453228043455624,43.39082719013572,0
-40.913354960366085,70.88076804728983,1
40.58109796711633,28.534503899637244,0
-55.00799490169905,-56.85903871560723,0
-34.992685613011105,100.05247762988378,1
-88.70607873479464,158.47550668479948,1
-33.2056652334374,23.745392579690172,1
19.80529515676526,20.264747979657393,0
131.2254892382005,119.22940620954499,0
-42.16002552348675,50.48074684300654,1
-4.868843094590758,35.00707715906437,1
-33.58030580466245,-28.820152573693324,1
117.27802378825622,126.69106263476036,0
-6.3553001667421505,4.960261131184263,0
-59.478516783005134,29.508828369979,1
-41.50906015705076,21.68625728477239,1
62.144725928025004,78.38589166320398,0
-55.281224724991255,33.29467854606876,1
-47.217003914423046,50.8091268580707,1
12.793531625301608,10.325699169470914,0
16.747625761285605,25.354237194338292,0
-71.42413097555429,19.544946083512393,1
48.501055532504886,49.645121012537544,0
-36.636705021972084,32.31443795070288,1
-64.45295985380618,111.63265286653426,1
31.249632065554234,23.096681142792065,0
-81.79423205720528,122.06540569233901,1
92.85696746230617,83.7784877779615,0
81.22560359412971,85.98719170294011,0
13.920423988965979,16.896549756761214,0
-44.864734671255825,38.15859529199662,1
10.987697518665001,10.802172408418675,0
-75.3684864582488,91.21931760465358,1
-21.049157245078376,96.82297803699711,1
-85.67188219302574,121.12462926350274,1
-32.84372113308409,88.94429138082897,1
40.444442386798286,38.025792611719396,0
-73.18226086272492,93.04272345692866,1
-54.27198617123208,98.81948085924267,1
-56.415119203950006,87.76747592182832,1
-44.37538819444401,36.53271062149584,1
-53.924822371970684,71.80775145111271,1
-58.92272452612155,31.023838731200183,1
-72.96790227335337,125.78891553085612,1
-68.61957325291266,108.72710030623765,1
-12.40653965657269,15.323528030600125,0
-10.613734055139023,-122.94127278798399,1
-84.75983321942894,84.33678793899165,1
-54.328935380983104,64.27642867305242,1
-51.87471006483078,22.597279140614447,1
7.378044005140305,17.549116564289957,0
-106.61763963518041,115.90831325399422,1
-40.97689089363514,30.19539760977983,1
130.5455750586451,127.40460435424797,0
30.188912212588516,17.15164313008723,0
-59.487563204540585,0.46544276662490724,1
-48.53542167215652,57.49689110796944,1
34.18151263201582,49.50525802650576,0
-75.2015724750065,42.14082481093867,1
-51.805926361932045,27.085825430849326,1
3.494083976612017,10.585687855085146,0
67.36815283479064,51.93057720926815,0
-52.771449731270295,90.84125239518195,1
31.19239144217471,22.183147764804833,0
61.67506129767104,57.135193417243755,0
29.316042883664846,40.953893999722645,0
-2.8640566119217947,18.231989063445802,0
91.58311610102945,86.0504921079831,0
-18.01881523706982,-9.164638089262954,1
77.43300247262866,82.05529328770875,0
72.6772378975603,82.66360363077435,0
-75.32393994758387,99.74049967283825,1
-48.77433458572034,33.07483911935366,1
-86.75121806477235,38.352869936509634,1
-61.50927446503758,81.88434346245916,1
-55.75030666737922,9.600648618394109,1
-99.73842757729716,124.25367573730864,1
1.0103544321943936,5.445967176225508,0
135.60580751493202,129.89671337056993,0
52.04385882312555,54.14114228262898,0
1.7970548721133128,12.991862411772182,0
9.549907404654784,23.452527530821776,0
-38.50945990993589,49.42180142473068,1
62.89329983669087,85.00328740102006,0
65.20490377792775,69.36881333551901,0
-48.71483484644997,44.980389736734615,1
129.27121861448933,102.65254764955014,0
-18.649142014262843,-10.38706021949971,0
112.1190443054728,115.85658281070931,0
-47.77810575984422,6.804990874923278,1
-31.100819028241244,-22.281113299050894,1
89.27992765395356,97.25939781951244,0
-48.33895229734351,-48.58457641921375,0
79.14111691444337,88.72483424416811,0
-8.111236862376858,-37.901996556603876,1
-38.28947094358375,121.60116035268254,1
33.28571558440128,20.14422815393631,0
-41.852500853229905,-13.97376059999489,1
-81.00954614340532,111.27667695086672,1
-25.30664614929069,-9.257696583505194,0
66.83483600083468,62.2995036133848,0
17.43936140966663,3.6966358113028286,0
57.75772919378321,55.73765997749853,0
-39.51377540626411,-8.27957088696033,1
-56.41791066639294,88.49588848106089,1
136.00179118925405,138.28353996493857,0
-64.99074185531157,99.99027353538847,1
-16.913180138690386,66.29334917643584,1
-10.737756964246802,-18.89859151516139,0
29.75832226280193,31.740644755245533,0
-35.43715926823473,79.60660271897633,1
56.76006952246554,62.18423831877733,0
34.05029086515645,29.61615738119525,0
193.67075799746237,186.76812437116598,0
45.002776899947094,42.56607298746029,0
-100.25909364965541,169.9125486331492,1
11.13461569492995,24.857866180338164,0
10.968506609947626,-13.775067330035872,1
98.4167474257969,106.70636214750448,0
59.6668495544763,54.02440484114825,0
-51.38711963479723,6.534862825773685,1
-14.026360286882134,-1.6119932297044226,0
-68.24376874725364,25.441905637571555,1
-20.8599995942054,3.7581489568757953,1
-66.98103750768144,54.30787189931839,1
-77.65707997978262,112.52170712375357,1
-26.529177181256202,-18.29731457746664,0
-27.78352309874309,27.824574528806195,1
-56.81336709870989,61.06762037878018,1
-77.40208284769834,108.48488879882056,1
-60.65037201852606,128.9067839015685,1
-47.883553201027176,-4.458303292404231,1
-38.08383095527228,29.238409656038257,1
8.391683927905147,0.2822670923413706,0
-55.361924324471225,30.84256225081449,1
32.00404861871383,58.178214060183265,0
-73.84369709087657,54.600893941535446,1
113.9147531671861,120.53799938965386,0
54.29991252375914,54.57567714493342,0
-67.63311657373808,61.22016250798653,1
-8.430101295224235,-0.402187315494118,1
-84.22715511773168,50.79069166292447,1
-33.546259704232334,-24.79247017302094,1
102.46659757991398,85.36431285911266,0
147.15986315463854,144.9820426376816,0
-23.848536163869362,-15.625444559500924,1
-75.43655623521714,92.66546896940578,1
4.89800694333295,3.403671149651349,0
-44.05277229958392,-20.63104342138029,1
-36.838858982721966,102.06168991707356,1
160.49867388051518,156.29745177848702,0
-35.57249327151013,-19.611316733872243,0
-64.5056611446974,13.767137383258415,1
32.82497590086598,20.264907064224495,0
108.93220500204983,100.64002980040311,0
-88.58072379673575,9.471750849611848,1
-29.572567440665075,-72.4033727435059,1
62.45962401966823,67.72563222055254,0
-36.74848567272021,90.40391876184442,1
80.16878648345399,71.39756050501987,0
77.58840016005007,85.36901797052984,0
-12.730233932299374,44.425015686873415,1
73.6201095691576,85.88343399230125,0
-40.069777456176496,34.02034635519905,1
-85.21738023607418,41.40820150479097,1
-72.29835923075646,31.95144176103565,1
-80.07147752772707,121.72982353914573,1
-32.24720468920499,-39.25092401178757,0
-6.669217052677534,-15.963576920719847,0
-46.97973848495831,41.68218715866567,1
45.523981620483646,55.117474193189665,0
-83.6570820980169,50.936257889941295,1
19.302740526477713,27.218290452424405,0
68.35011609024868,75.12813565554919,0
-16.27626532587232,-3.761408757445106,0
24.388443016366402,12.557075321652011,0
-36.5024413902683,-9.522550095952676,1
-31.632592127767335,-42.36975457992711,0
-21.975660305545873,23.653575281044294,1
-64.20861527747539,7.225146304979363,1
-26.262568564408646,44.43453505005615,1
-82.20194147594704,70.40978583268665,1
15.82982966392456,24.30183934412169,0
40.446005990963506,32.01485825559465,0
42.32960684793335,39.92310771302883,0
44.55170612014644,52.53847221388519,0
37.60307127510219,23.852980912712894,0
81.41769372630387,78.79086340831311,0
-45.44328693222954,-12.617048697667876,0
94.25233148235256,89.92640304083343,0
61.30608420114585,80.79810815725271,0
173.08146796891893,179.58441653678932,0
-65.23576800910611,31.92074627109086,1
5.064950724482131,-2.6588165953787324,0
84.70262798455718,89.59101587599547,1
-12.31147605674403,-11.570457589053063,0
43.55350323974214,39.46317611873026,0
-32.878338388786474,-26.70236745519131,0
145.64409580418314,148.98490795672666,0
98.63831593159742,96.33925319058325,0
13.938065563503377,12.776369535254778,0
-49.86377447084336,98.20946638043141,1
60.412702927180916,59.763968985259,0
3.5661058392809144,-4.6383266136926675,0
-44.41849923997212,72.71515801776872,1
-41.842236742830494,62.44921184891988,1
101.31616347212453,86.68910123901871,0
-13.262355214612931,-15.97125693396374,0
-36.95692451723133,82.0012955366679,1
-30.257663371437605,50.75725883875341,1
48.599548206968656,42.0133909635983,0
-70.26479954135584,52.87998393816582,1
2.193842776598154,21.508823153861684,0
-70.65227841351134,-82.26439072841043,0
24.502592806627195,24.892941147642368,0
-4.531509476203549,18.021793099295287,1
-56.508468589825235,91.29052862084394,1
94.72253058241562,99.67739414931027,0
90.55812769573878,88.43272957466269,0
-45.591695523964596,46.52079659286517,1
-9.79659134985652,2.8244926847094676,1
-19.41283225212137,37.23674193839087,1
63.075508221651134,74.88103513798384,0
28.65423733124531,14.03189785314336,0
64.525063859124,68.59709546888462,0
-55.7916371993384,39.69642901174872,1
-45.72119773038763,-37.60548053405355,0
34.76859801029418,27.349776165270363,0
52.55248513419253,31.769952425929414,0
-84.03909786406416,-6.82726521259397,1
121.57853018401683,98.48531039703441,0
100.18100724482659,89.14420049951048,0
80.56925037478612,61.670706827108845,0
5.086584048451287,4.382382373078054,0
80.65483694580567,72.52703596825518,0
86.56258152702011,71.72217238870188,0
-45.98894790833811,36.45680628457718,1
-12.700753904928213,-18.132033765226684,1
-40.48816425091835,43.31514294860002,1
-66.45251241336884,104.13528006105824,1
-22.369249481641027,26.957699849115606,1
104.35479425088667,99.97075312246805,0
-55.33643166907486,83.93334763770729,1
32.82841779549504,25.50979249758426,0
-43.18873933452794,-52.16318828825477,0
-11.203633451533918,18.51409647461414,1
-18.301825684415295,-79.61681103224542,1
-18.982187005003485,64.78383505655366,1
-40.779255177461486,-14.32511420197784,1
5.062601621929696,-38.66209808054035,1
83.12297148861522,75.58608456684694,0
-92.65730147472685,70.52245944120924,1
94.94743948508217,79.49689188328206,0
-35.61777740036375,31.8311984708441,1
-6.420135529085447,-13.152379141386428,0
-5.958961870286917,13.474406944157103,0
-56.77983095303494,69.48804558336496,1
-60.519514367755264,75.99960433746642,1
-78.50803088163447,55.151337676230526,1
-3.471581931261092,-5.801948582855165,0
-39.18407488017771,130.7255984760717,1
-71.84913542811347,85.99695486487914,1
-41.364826426697846,82.73756642191414,1
-50.22663422621982,46.61032541051352,1
-18.736977029120833,11.936973513339238,1
3.654606287697182,3.9689021881315236,0
-56.77550920908627,173.99385705524054,1
-20.633353405695793,9.573402667943887,1
31.232008041325788,33.25153393757838,0
-26.054592102176922,-22.936307875702134,0
-85.60990636127757,78.09900193427664,1
-46.80974522662548,57.35610031757955,1
39.90578764687871,37.021289957701576,0
-29.055825098641662,84.952736768681,1
-13.224157687790905,-13.495356971245553,0
-40.368923313511125,53.31335017179563,1
92.29061601265336,79.74307936085387,0
61.54844339067764,76.55818840743785,0
-28.471646474636692,23.588649244374505,1
-43.26762718009852,46.49323687656372,1
85.41844227214348,92.93510944646599,0
-12.864455365076,73.10854977831252,1
-53.67687145111343,104.34712894713809,1
60.807822252960996,56.65590653382772,0
75.03641229611748,83.90697477744298,0
87.10828166664881,80.82967881233475,0
145.74096773086842,145.01427506719787,0
80.10865039756565,76.24392375338773,0
-58.486060427578465,96.3366053172985,1
-84.02729301335144,57.09127176764963,1
-13.106412065984674,-6.6351849934061295,0
-74.08303417085602,60.82857781839872,1
-78.00722799136155,-6.280822284515986,1
-19.99221541247018,83.26948520406383,1
-73.12991190817839,101.26379410022759,1
-61.50340086830137,61.61506628374451,1
-27.260976610183107,16.493748833271294,1
-74.26621030086423,56.32552652453706,1
-62.24947545245101,106.25289879181348,1
-11.424551285757644,-12.662778661486174,0
25.261639489896464,31.0530367140764,0
-63.2213851599245,121.45218811977918,1
-49.07112780192772,65.1767982112229,1
-8.345271198898574,-17.10949357264773,1
-35.34313431305254,57.50284925593729,1
-72.93645349285883,95.2075052142201,1
-34.63487941942982,36.03071897856627,1
49.388552071182765,46.96894167742083,0
88.99831837473403,93.07897781384071,0
-105.8826840232741,106.37663599649673,1
-65.94216993954107,76.06268409699165,1
-28.571327655896635,-32.4440550203813,1
101.3427573826784,104.33706222499004,0
6.995486389377631,3.2984476230800643,0
-68.03997395636794,14.208926973739139,1
-50.162291839583226,-32.0866205093455,1
128.10115231162817,105.26177281140025,0
-82.6583325071833,79.20587187481856,1
102.75917187684622,99.2840762331732,0
-20.077766401585933,-12.105976826052068,1
-37.15094148460639,59.028832873573954,1
-91.79708297838451,18.957215169079223,1
59.52957573315009,63.415502632375166,0
54.9563086663046,60.02742137848966,0
100.47883486490112,95.68525420812564,0
85.1603768564182,77.30016425948925,0
-3.483287917972211,-6.739515634862991,0
-10.76595952449767,-8.655717690173448,0
71.11296348792303,65.37797126952466,0
90.42161658697638,91.01677395645893,0
57.75118232936756,55.623093264703115,0
37.59305532867939,46.34414863681911,0
-24.347022028413434,-5.746635682981694,1
-40.38568577178273,-30.391522864700903,1
114.69199420479934,109.54066673315846,0
102.43242780905418,114.57244823644004,0
206.46866391053732,193.647254624962,0
108.05607076620393,102.96535852251458,0
132.30460312857403,128.48185931073695,0
-33.3287602306236,-60.15306137171712,1
-64.96360436980699,80.2883410801366,1
134.91975363358875,140.01608619815696,0
-49.58761883478885,65.75896973233841,1
-42.61494568490518,86.27194743280606,1
111.13501953144818,135.31217573937306,0
87.30871092966039,88.42909189232249,0
27.398221490916786,37.71275613349181,0
58.98512216499885,50.75945263585746,0
17.458023230799512,22.448638084003726,0
-21.826571402842543,51.46576761619463,1
-23.306092828916462,-43.07890268801181,1
17.948960231562644,34.02699834604084,0
-48.4698814003939,25.002227517679852,1
42.91282652454434,48.517036201141686,0
-1.9897732760150777,39.83394214791486,1
-19.62106275146029,63.96780249534033,1
8.512514465364646,2.018677959296805,0
11.049156262199478,21.783267583486598,1
92.23038194721526,100.77632379809494,0
-9.676745719087098,-10.14059164208706,0
-20.857188714303597,-24.53890490726085,0
-45.781610898000466,86.75998351202124,1
-93.94620037265332,108.49245139975629,1
49.54738272191751,46.11096532727634,0
35.35540175461677,52.926055672518025,0
37.21833617777423,44.43759464492466,0
-60.12927446363757,41.1461851404922,1
-45.984563732493456,57.549259114866715,1
87.85094349048588,110.02477549702236,0
-22.668047962919992,29.886292509881663,1
61.902063905429884,58.8965794306473,0
53.57033835984373,47.073684060099055,0
-83.41955131656121,94.22877794580383,1
-56.44848008041463,-43.03661371600276,0
19.90074496312639,28.034135613047884,0
118.82284486599912,114.95110407897084,0
27.032002731397085,37.84298224029209,0
-53.920199568512395,67.0563781487906,1
-55.465979665741614,122.19850106849744,1
-10.013331219721266,77.56206526991032,1
-87.89091844190797,-25.454240885888602,0
-68.5111474284481,85.25575079104111,1
-73.94909095297224,11.63210532376775,1
38.64699011843181,36.56505512125203,0
-11.222063710897151,-41.661240970542444,1
-39.189645392904296,-1.0497934691582556,1
133.40804550880728,136.9856127588799,0
-67.61701978749257,18.500299781105227,1
-31.213546002927256,42.52242085223618,1
70.30549894238777,73.95872811300205,0
-10.707541930961263,4.080147528888,0
-30.073145000394565,-28.091452369020388,0
28.38391647112719,40.67308157948202,0
-31.3918245295725,-27.490973278518794,0
84.52030450875449,96.23779883135994,0
-62.089923669141236,90.73448478311836,1
-35.8922008682034,20.375703398645843,1
75.55560071674489,74.04996365602472,0
-37.05135136559773,7.251699097780284,1
-45.18892448636754,-13.038782342200438,1
45.64374524169199,22.841314607050133,0
42.662370030297524,46.03482824367055,0
80.39950173974695,87.49593972405127,0
51.05444580308164,60.357261274948904,0
-40.08547266371723,-58.32194720058175,1
-104.41675559505867,148.110977815713,1
16.13093524769409,32.029231932581006,0
-73.80387322505655,25.283104426860138,1
55.763208480005,54.8442209075102,0
36.366784205667656,32.91312202966925,0
97.65847120167932,98.97140127616086,0
-44.11763821620962,64.80852014458124,1
-67.72231092854622,114.8052056009095,1
-49.70721244561463,62.76571881356563,1
20.770113928835602,18.736632343221444,0
96.03110623548882,97.17479470676675,0
-46.71848543057297,90.88188494802971,1
-16.95551239681613,-28.264132572275724,0
43.9215020550379,44.52981975346857,0
-74.20976674372797,138.40656145716034,1
89.40935438522123,58.66681380150516,0
84.06570659481912,82.12211528964839,0
-82.92450338355762,33.97222610917976,1
-49.743881479724884,45.235921602704224,1
2.211320606106298,0.7087883491800173,0
9.175390133517231,18.986902285211837,0
75.04019551970542,84.27668896966188,0
-62.92137467911433,66.4140226501503,1
-40.91139481910695,-23.679047841203136,0
93.41577129404777,72.75529919739326,0
-4.846255449570281,7.005485232859843,0
-13.630549961762178,5.3390810517574385,1
102.44607910805519,99.87915024631573,0
-37.19924589466692,16.768202669379402,1
-63.6184607993576,53.986666106967704,1
-86.20931731829829,87.18341345878386,1
100.53900840942242,91.16361177638083,0
-43.054306716661785,23.560557425736917,1
-4.317939212813792,-37.40788349859232,1
24.49698845773763,17.389031896226566,0
-42.315315363040035,71.27355698624292,1
28.549116785730767,43.24000486052502,0
-36.30306876593796,40.37680033430541,1
-23.936288479532706,-38.319432672275425,1
100.14954836196227,92.67773591782691,0
-83.37455319240217,93.14245321652876,1
-42.541433256646,14.447508273969106,1
8.858411074416782,1.832443144463275,1
108.74615554040079,120.51826492057911,0
-69.15495812278837,52.543901921778,1
32.23979796110782,30.227135172537768,0
35.55643486002925,48.10444855356369,0
-7.149933289749422,-5.197072391062063,0
73.1237730371585,81.99372517896143,0
128.71289956998856,116.39887727603084,0
-78.51119883159292,124.07084757901181,1
76.18563156445117,85.16630745889309,0
-36.51534195265588,-15.5530076610093,0
17.648024755479597,-53.593276326059346,1
-42.16802979627431,51.21991494173037,1
-42.65121493116954,4.914417322066244,1
-82.06476781661452,70.69294183396947,1
-34.87498851611126,102.0171626418054,1
-41.810677849189176,-5.327509848629363,1
-1.4243893570641708,-11.807396616821752,0
23.981431768111005,19.836922293242935,0
-34.360649978381105,28.52371922294713,1
76.2191080837973,86.62259260994509,0
-82.22365723176226,111.8117471644043,1
37.38672960000709,36.10803072329338,0
-28.867374534569844,-22.412911987259044,0
11.323134629013254,6.852936606898724,1
28.937306104899797,18.342616615171703,0
-40.49618047817083,5.389495776758169,0
22.704587537463244,19.17697011483275,0
2.8256439876954142,3.036718070355904,0
7.416308409741834,21.42213807543095,0
-48.08360020427707,89.78000066220152,1
-4.795528599459686,-3.961901808660362,0
-74.86542896421224,91.00373712824447,1
100.13890293569472,103.46301715216354,0
11.608692481280963,7.71201330797035,0
107.11721273824593,99.24271746218787,0
-15.602393336126353,-34.058495504403815,1
-72.24691839280976,59.584436444813015,1
57.19846376941612,60.39337395648526,0
-108.11849642165751,121.22151214694172,1
-92.42225384159994,120.85658642176888,1
-60.864217219264624,56.57415405910877,1
-50.57539188718878,40.64054515915695,1
-39.92905705385263,4.531543753409878,1
-72.13041433051805,80.20985061647727,1
-60.10631498217058,99.46830730634404,1
54.65847629388239,57.927180911347676,0
-52.51453236181044,26.495242076529387,1
38.73807244882385,36.19218244785918,0
-93.42164416121396,78.47391534609226,1
124.66347766049077,116.14126596451135,0
-44.52236817287387,-7.28000998138535,1
46.80088707000853,52.36633993234704,0
78.4295595655725,83.08196788763793,0
-60.47887848229321,76.71001359358054,1
-13.86897049190564,-1.6890114724472327,0
10.033980626219098,17.570273037941735,0
-52.143696471233966,88.81437664568553,1
48.291942817035746,49.42834957490116,0
-90.23761331097818,97.99974712533354,1
-93.63138854519572,101.8649674437758,1
-64.2143533482478,86.55716968633624,1
-10.96860318477244,0.2098341699131534,0
-33.48525791462484,67.08084452045603,1
-30.50803008702977,2.0025489475573535,1
162.87446431249418,172.85980861644106,0
-53.489646541493215,70.25063329217983,1
-53.01961250422445,-11.627987400740947,1
-67.4165176984922,-9.479424552080618,1
-22.165543169160383,29.045575289436343,1
44.21466977103001,41.02803453168534,0
106.42078107030298,105.07709342623298,0
137.55619479020265,127.06181979977748,0
64.5418539053688,63.005115774035616,0
-79.72762215962915,61.939804320812975,1
125.38316920251104,123.79063592807798,0
-21.89408705510441,83.87827236274212,1
122.0124555297003,129.91575013381959,1
-46.55458093110069,89.66151997153757,1
-55.344960634764384,53.373669569566204,1
95.84099295000135,84.5368754643382,0
115.14048913844057,104.83034799379016,1
-77.02326006876608,87.98643846489608,1
-51.03557362264775,-7.072388283817577,1
-65.83870503437299,134.08997443529907,1
-35.134939644622804,-18.625361823566735,1
-29.80323162825298,18.36424302481756,1
-0.46641360089234585,-66.31843087285539,1
-70.14091565303762,25.204137674497417,1
-62.432066638090674,77.24607942885856,1
-50.115226451550384,-3.3656341037945237,1
-48.87356979528247,9.468676530591914,1
-42.3238224258556,23.09593134861816,1
-73.49674760317673,34.16697729440729,1
36.78684323315083,33.64073477242733,0
81.62604985655936,92.06805674152454,0
-51.86763931869638,44.25756054069683,1
50.22661776888964,40.601360392763716,0
-63.82048794929902,-58.56035600070895,0
-59.89941067303738,39.870746193387035,1
-79.98756119159978,94.64553870376207,1
-31.557281409245512,42.59473475021029,1
111.17488128127802,99.61410860388669,0
98.69439538184672,110.57209826869187,0
-35.191978502593145,143.52271450534727,1
50.08984720522049,53.34027968444368,0
-30.22982572285929,25.704352181890915,1
-16.40329939361649,-54.76387204970805,1
-34.13167553053068,14.363103123192039,1
-31.329343929252328,-15.563745203934797,0
134.34385489017572,129.40567014128888,0
80.19574427018502,60.43311248012666,0
-53.69976871214692,69.74440265740812,1
31.461511072855643,36.770640956314146,0
-47.52472800612572,45.38115523550308,1
-48.94696878683173,56.73427141597321,1
78.64311833686693,87.23720275915483,0
93.1367026193843,80.34309466863874,0
101.70335819559284,100.26530453294176,0
-50.13714907082798,30.32789783896781,1
14.625423093200652,19.85896407169027,0
-36.15189875835724,68.52489412351935,1
-93.03671587348157,88.90877399541789,1
-49.39890390878593,23.274049166316292,1
-132.17582178605267,-113.89231421679995,0
89.49369963760493,105.01038143446983,0
-41.29940765004019,53.8695789214059,1
-50.50531909240284,53.59522586506561,1
39.288343924339316,37.4845303258508,0
53.58295388611235,57.829030073041295,0
75.79509978772272,79.55284999988193,0
110.09668128612375,122.85346886949773,0
-99.25498147338125,127.50932479735333,1
-56.023789281925005,14.424640914022973,1
117.87513006695063,116.29849751925379,0
-0.33412132505646897,14.232875632661063,0
161.28810741814036,152.15218377529624,0
-45.68378115610599,-11.494073893055468,1
-48.9427975702163,39.522200322435395,1
-57.300229232177244,42.55275945373472,1
83.91835629219264,88.0291382483455,0
87.95586294448535,97.55710571985394,0
63.4968278281756,71.32670118879471,0
-32.20904536202958,-47.53099763915143,0
51.58561351561295,54.16220640398046,0
-58.24278648018295,-50.925082432808644,0
-1.2297431415587479,6.859814407435394,0
14.490019937844135,22.488534613965967,0
40.080521670873495,31.086589909639724,0
-1.6310099743455264,3.653899744524991,1
-64.16517198294042,68.22133957382142,1
-55.9663986604924,92.85315923653708,1
63.777952541284556,55.85669576663573,0
64.53706425180424,59.9684708098302,0
-12.960485017326429,-22.167791514216127,0
40.75620772516129,50.205457719459176,0
-40.91130839720209,23.911823280817284,1
93.29502081741104,89.37008602549083,0
33.020502852083645,25.24551151649776,0
98.76819356934429,94.70357470376798,0
-31.958017927529227,61.36941673824088,1
46.611993216411676,45.175314963031276,0
127.8769548217715,115.86381445436005,0
59.483980304419326,58.00299470571727,0
-40.82138005770956,79.53086904270532,1
31.38509875372508,35.57298572839444,0
40.574914172889756,38.823158006656136,0
-71.29589276659487,-8.21162775696238,1
19.930398599535557,29.501685381169633,0
-70.21796148297696,17.227848000493484,1
-57.91760057488514,1.9903232658651349,1
58.13248758186298,42.56061419746977,0
-68.26436643195576,-38.635946977058936,1
-60.82403708367333,70.87201819560195,1
-2.0595320598585043,11.821835518891143,0
86.38277251280864,91.0568129802735,0
-59.34178790645876,-55.97495272509969,0
-39.36447287835006,86.14636034532336,1
27.266225584868337,27.469572362589368,0
154.44773890791802,144.25597414138608,0
-37.34182014087821,-8.678106755056225,1
82.8230387391801,80.90284631155382,0
26.622550452959825,46.958856374982474,0
88.11144152130251,79.42969546383202,0
-49.12610549849905,78.2293003374559,1
74.2374015929525,62.75861337116303,0
-25.109649612572007,47.000948961283775,1
-50.84950768650898,-45.24719246560542,0
-48.400718584609194,78.30320366073148,1
-58.232821972235406,73.93489475610947,1
25.00167072924867,15.909635363426911,0
-46.731107471525924,90.91225341682862,1
100.82684982578218,88.79584958994403,0
57.96120061593386,60.8717353845762,0
-67.07839395291447,68.29010830777817,1
-21.51807977585892,-28.098875448969473,1
-66.67483956957571,68.24731287844575,1
41.91516820830905,53.591351208880624,0
-7.6952588270315925,-6.189416081860488,0
-50.766367634899865,127.74974782442013,1
27.777480151912908,21.36053494294642,0
-3.657541108665474,-6.14804366180306,0
-57.2846681649039,128.052336712426,1
136.24145884715298,115.14709901801459,0
-29.967806945699916,-12.805071547412794,1
141.25843037506115,120.11910479079555,1
-53.04126517720196,35.47893901778676,1
112.69902705445487,96.62480133240055,0
13.428331434013984,1.8801324835671762,0
8.12614900391891,7.365217250003376,0
-27.935379130614646,110.9579159641044,1
18.611744099117473,15.767553783958482,0
-82.98514933456164,-14.332900822152295,1
-76.1551877673864,99.68376046736459,1
-82.54791045596515,85.88749341754698,1
-18.66514839548111,17.718869440457414,1
78.37419820780175,82.8003679192826,0
-85.68933630096743,111.34384850196619,1
34.95907161304686,40.166247595708214,0
-2.5214188168339535,14.160452507515275,0
23.765167194513293,13.809839240661537,0
-44.585373997897726,70.90327040771902,1
15.731001523036847,14.766461689280957,0
102.42403486423441,96.52819237850092,0
-63.90594946883316,55.39358328640457,1
-24.014909752887924,-25.59253927258316,0
-25.730366132353332,-2.823754425493763,1
-48.36975919441442,14.824795872082063,1
76.92449821080899,84.18014200397523,0
15.60678111439363,25.672109919967433,0
-35.244659080557206,-20.539856349112462,0
-63.5514431373521,2.0358869245822477,1
-62.43222777123062,183.4687655163341,1
-47.33932747362667,8.292538066540756,1
-86.37456629569999,36.481612554962055,1
-51.295162216768766,25.253870659110294,1
121.33835688628187,110.39091393179102,0
-14.738516450492146,35.600088261713466,1
-43.00738686211903,18.530430094995353,1
171.14681017335627,171.74176742848897,0
-110.30835392783528,152.27834999057598,1
1.776148555971796,11.586048040500346,0
75.41270098358872,56.270846691042124,0
29.185959083018915,53.85662384163634,0
50.69817834212692,56.34747387965863,0
37.95465112481776,21.02790685616174,0
110.7678070495603,112.92114618773634,0
-11.683776060661899,-6.4481857207304145,1
12.556152108732654,20.08971137245522,0
35.414791630159215,36.02530463015624,0
37.24427230845704,40.15369001874208,0
-41.82237056499611,0.44355152051119284,1
23.006058914969717,39.68254679907182,0
-36.04933546247439,91.03861865667648,1
-9.40599005754526,-8.321001287873454,1
-3.223618838032827,6.084386564347799,0
98.70539143463162,103.11381014899834,0
55.585482517033434,57.859525701759516,0
-3.9199146380044403,4.514579039517496,0
-75.12108250441295,104.58843064590724,1
-43.0979836254593,44.666688545535216,1
74.27826307008296,64.03388177314937,0
41.96388281409605,49.24494935899951,0
100.76960975652149,108.08767013923055,0
-85.86130622167448,115.11100378284694,1
-16.74195252340065,19.362280097108602,1
91.6845625352305,87.0820073111579,0
53.17695116580218,47.31510964298004,0
52.03818012568856,35.06160010349922,0
-55.74740323329061,28.01522418270138,1
-45.958204835326185,43.33037615328027,1
51.301055044798275,38.05503058266348,0
-58.796427891177494,-37.16287596721928,1
-59.12645644218533,104.75324917645852,1
-121.01598395910969,90.5172744571003,1
-8.913406363805443,-14.297563598305041,0
-47.69605003114902,78.92604564053674,1
-71.42116821860647,106.86580898843955,1
-2.0336853708510905,-0.0401812374768884,0
-62.79179636267915,62.22033022574159,1
-101.39547859384534,59.23510549956511,1
-76.29622950798193,80.46684816552077,1
-71.0555387819744,92.30380361944863,1
-25.83654321174773,-12.48526925770259,0
9.026884972874061,-2.087594959135708,0
-57.5758415350841,-19.926233758260658,1
-43.5295656218316,14.372531589497017,1
152.59978840205002,133.75996507396826,0
-58.02731736369064,22.539956555595165,1
-34.24842566654737,7.647004531178315,1
66.61837949712907,68.7736639576295,0
-80.93405697461691,155.48553706346829,1
-105.10357994610521,101.35695758840902,1
18.13514176726352,15.666500641406822,0
-43.686098327562256,81.86035992093433,1
67.20914509964943,64.12548741019054,0
-53.16755338744724,107.96856305665163,1
-12.145239189253365,-8.990681943155355,0
41.96232243167934,43.25348511854367,0
0.1771626516181346,-32.59652913551494,1
-30.74483772528372,41.03190071897866,1
-79.68942144406222,111.64391817302737,1
59.821210363758816,48.233258129060005,0
29.35529948723112,25.98374578015471,0
2.881432972784015,-2.2222414316096395,0
-80.97728476241667,117.01213181809234,1
91.71791715436616,86.43133264044687,0
-13.50736885541901,-24.14392349502823,1
61.72254567818754,60.62238445145118,0
70.25473576150416,63.498463504441006,0
-76.37840836050167,54.42417092714707,1
-23.130159684040546,122.36837500862619,1
75.91969277670387,80.99735905977366,0
-11.654722394664496,42.22529553335894,1
54.43855739220101,56.19434214577408,0
64.5842435404584,63.79207316359058,0
-24.679988508116246,67.15510448345118,1
-60.23543484513352,33.9225600127796,1
-29.27740819433588,14.463939620947075,1
-71.27742966553541,111.20264498248682,1
-12.474164992275483,64.98390655830002,1
-36.973603929358056,66.49736631978553,1
30.57651402956023,26.307617562010833,0
78.0586243278483,85.12044606338156,0
-27.25059460566489,14.165371977056168,1
-90.55403715873834,116.31424344380372,1
66.69100543249772,87.41968590377593,0
4.734318424858075,34.49991740819081,1
36.87662201632864,33.1105020300631,0
9.065545743047004,18.15377726058529,0
-44.00444494720171,86.21923638756887,1
87.27226866770181,99.76623511726906,0
28.4510040618826,50.680617899598225,0
-48.03362659099589,16.799189343562336,1
-60.491259309161514,89.26280936750663,1
-37.828388043927795,5.604187287421031,1
-5.174841975570477,15.158723241380617,0
23.656446541022873,33.68004784314551,0
-40.786358724000124,-26.127872293753317,0
-33.808840647092424,-0.6568585736098642,1
101.92661923775546,92.73066858957539,0
116.23574541981516,106.45156762327485,0
-19.59735665346582,17.79937730416792,1
128.06035398187112,135.77018179967476,0
117.84464276512398,103.00777532472152,0
56.918065833542585,73.58977217055877,0
100.4180859096382,98.02065950241014,0
23.310569447101216,21.843683233574108,0
-49.198949228147356,90.63950381676507,1
90.21334594467383,86.28695678077759,0
-16.007954745683378,30.876021107229356,1
-82.17702094773985,113.65722451251558,1
-42.47572781203921,-28.79621234336018,0
-42.579256293398196,94.15048963870271,1
-35.32448862297522,12.83866462139227,1
-10.934270671159979,-20.399474001617392,1
-49.693237352766154,47.63745660557828,1
-21.18203758519278,58.45399756375215,1
71.81264066136087,64.41094691109224,0
-77.8774584588146,79.0846361632043,1
-56.09559807498636,29.154448166330027,1
-23.569628582180258,-18.833406550246366,0
-47.695101207303885,97.63807314676785,1
-53.00956421026852,54.71432783564194,1
90.5421103041446,94.09669755146436,0
-85.13764282499807,50.42939030618309,1
-65.29318011038634,74.03530654029166,1
41.193589677706164,35.6871518152573,0
61.59975783491921,60.222982654275626,0
-73.99903118228454,57.819146340207716,1
64.99952063090475,58.792044829523746,0
41.78842737787077,33.28679983866162,0
63.059256105778324,64.52396495576758,0
98.04520907932877,89.3796917794819,0
-37.9339184740611,67.57532475180115,1
20.078921101684543,26.99253744701077,0
134.5946240683753,122.00792438519923,0
12.226837756975073,23.535955416044647,0
60.978632449868684,69.88032740136208,0
-33.207167600280385,38.76598683789197,1
-30.786692794723898,64.76156322991302,1
-63.07912470748942,12.498884235213525,1
-71.81379306261991,36.045533383586395,1
-4.4513931949274665,-3.497391191951982,0
-36.27450644234138,37.78215062252647,1
-57.339315936867706,140.05298653752305,1
-72.2927619430804,61.842425841086545,1
-70.31376660644516,74.88046427568517,1
-45.13983297217561,70.3895027635435,1
-46.80972103243979,13.8120673558695,1
-67.17568124731193,111.43094238578388,1
82.7565577759812,79.77857766540161,0
-95.5036794576996,125.03112459186616,1
27.946196733304028,29.06074770745749,0
-22.605349943894577,19.403909115469542,1
148.28034894857217,149.0427423415679,0
186.01218020848245,170.94138770458338,0
-94.77855190972512,128.75407658727624,1
-53.15421324927709,103.71382936821321,1
-71.16469549648272,22.732502279205956,1
-64.55155779060414,-0.47297274704236614,1
47.38521690186867,45.25083803245447,0
86.5213676160804,80.85291390783527,0
45.258361346688176,42.399772983192655,0
-25.21833020272406,26.138033872146387,1
-41.07766577592185,74.59814933358766,1
107.4871539519247,106.7293105380203,0
-12.371202017123151,-18.919550797704478,1
99.74341737429562,98.94645536569891,0
-8.278169379990707,3.2891029816644712,1
66.86795593970155,74.19785100301401,0
29.32804209262595,38.52451436676346,0
-64.71910371290062,27.900931781791172,1
-20.18148822344633,-18.710553079410108,1
-71.35094763295575,37.35772684942855,1
14.290959695486677,20.564788146380447,0
73.62206948201091,80.9316108135227,0
-56.16842800477637,35.08021024295962,1
-49.15701005566184,24.7925784315376,1
-77.50770475773241,59.918822311384105,1
-58.91681470855238,87.4795279891242,1
58.20634532246223,69.31841939087707,0
-3.2501000839963936,44.11594676980882,1
-12.907756151038917,-8.670688128909898,1
-35.81645919602643,-37.97087958085575,0
168.01192200859435,157.980230065962,0
85.95963050994858,68.53915993592268,0
-8.928274343897396,59.683703072040295,1
-17.121693457443577,34.09137847843337,1
128.6021708444884,129.96512869531108,0
97.69458195439962,87.13481641935206,0
-46.63852591063772,77.40940679439028,1
121.35858187659427,129.6122002418613,0
11.13617619516003,18.579989073007834,1
-63.203191111114364,92.06179201664028,1
-62.971825351228475,135.3264488840282,1
58.68993046055031,47.07469511737098,0
-29.613667337310922,25.346438835608893,1
43.55346167934427,40.596669649787344,0
48.66923763734324,46.567135168141434,0
0.49677129187701285,18.816845910920154,0
73.83585277716445,72.67337156672247,0
-9.470528023513392,6.29078433913326,0
-48.04943592169394,45.652088230248864,1
-54.60593921296787,63.14306947624673,1
-45.57239202357859,23.347082497387984,1
-15.379864638285646,30.796019069209358,1
-2.613161816721532,-6.549038905875371,0
-55.04298195008397,43.914636466060855,1
-5.688240239893039,4.5659282145862345,0
66.27752756443064,58.99829486470251,0
-20.461705807295804,86.84270230421112,1
-3.6850367448711063,4.987984292136948,0
25.861059062462,18.07190952575922,0
-95.15115592543418,27.901147574036866,1
-59.46708961020531,69.09880811619709,1
-27.48633876958181,21.46331852591198,1
-14.215169885547596,5.620584126704226,0
-69.56657359884133,74.21762529720351,1
-34.62674174605076,37.56156816740334,1
20.07321875643182,16.845117379944263,1
-42.762408240135905,7.63498136442764,1
78.87740335527869,72.29047474722539,0
12.87335599205639,17.014031304140392,0
79.1644072812365,69.17432661036086,0
123.23331688859078,112.90380867690351,0
-70.77908301561189,-4.903682203796866,1
45.85077059462072,52.565067384856654,0
-55.44035104315568,40.714404383546906,1
34.98122564499015,24.749511057299138,0
42.055294789626714,44.07536924360457,0
23.155100365458026,24.559045030727077,0
34.083747425884916,26.699195931705876,0
-18.638979658263967,-7.257464803582536,0
31.385859488183883,41.93164009705285,0
19.73683414996489,20.763754052483492,0
75.42587749784575,74.72298518542925,0
-1.5212288258433238,-74.86972679483597,1
35.16545742109086,33.551932599690126,0
-101.20291215322497,16.045152760873,1
-8.155262567677578,-0.06596069414781525,0
3.2495341424149227,-11.574405201267446,1
-38.217847644648714,30.455624384117975,1
-51.411601306515834,-18.493815967057703,1
22.066651593810594,30.736166270926518,0
155.9015685930031,153.81194105480688,0
-45.14702769894539,58.40879839310635,1
117.99594649616378,96.57619295083883,0
-1.528728567453408,1.009126208894917,1
-57.00299010052456,58.476527424259075,1
49.49710876849399,57.24719663846709,0
72.41362492207666,69.15925063800773,0
32.57689686335814,15.702460769247162,0
-86.02063234483933,43.790505919181314,1
-79.2195093562939,57.068696297583244,1
-61.89227200610955,83.02647014394404,1
-40.6944903717779,-38.504170632024156,0
-52.39095945505341,72.15620829587125,1
78.69317205258022,77.72249938916455,0
-48.157607131085754,109.39018799109508,1
-49.443817152085316,96.7669056676794,1
37.42869033239926,43.66687619994505,0
69.32044273350864,51.951345854093866,0
-20.47391471644865,15.731995729323216,1
54.89265376857676,55.133115065124535,0
73.92688260205533,88.8646001305147,0
-15.90381843609292,0.25876742091408556,0
-43.70131452788119,-14.629070356573525,1
-73.50888862199895,95.23421275499399,1
26.98746167818485,26.63112704928731,0
-29.494961657173242,43.96518573291254,1
-19.22243760200848,-12.930770551696769,0
-55.93513085324607,71.18612871421071,1
28.821813348944136,24.430556460862775,0
-63.503522999935335,48.37879587259011,1
209.93845553165534,194.04593992913973,0
38.05808835657705,39.46071681302773,0
89.12721711544481,86.53437129833239,0
-6.393284525727716,-9.029949912680046,1
2.245995059726141,8.096098430994648,0
68.09000577203412,61.39431555355257,0
90.92120183625482,88.77177589756091,0
78.95932969604198,71.74536740767465,0
-75.69536993678362,129.0426097043679,1
-70.0556317716735,48.0396918321734,1
59.268085428722074,47.3607129832853,0
-16.939767257039883,-1.4093066265710052,0
-57.376818626781066,55.12952167504464,1
119.69798847561557,110.45940806834574,0
-33.030247999532044,35.192762209767594,1
-51.00541422069593,48.50032036878466,1
103.37490906128805,90.25983851929128,0
63.36631260773058,65.96539918344561,0
8.903319433543311,24.12221971005214,0
-65.02373480170462,131.29319675697297,1
14.577680309254326,-1.8546293035069272,0
-40.063280744899046,34.99120444125815,1
131.4530519334214,131.57868311770594,0
-53.05751288594691,-6.705404698910367,1
-24.766034174547013,17.076219524486763,1
10.612154148509662,10.253280849248048,0
-39.63975432922373,50.095574682778235,1
-66.15707919722766,126.74759751467701,1
40.9790704854915,41.09688594954986,0
34.29548303539213,31.745654553351322,0
-120.38233864226864,84.12939646030283,1
-82.82817368816077,35.356777513642655,1
-38.978313891836535,22.438035636233046,1
30.478697760208682,36.636132841724034,0
-88.59712015473322,122.08625892403396,1
-18.41583199105452,77.54000686411955,1
93.93716477400913,91.11178354284604,0
-52.00686070276128,74.29747217258445,1
152.09027614086438,137.52485078099662,0
-5.303538885876979,-6.809704955217555,0
96.34213821166173,84.42440539624236,0
29.280122306757416,28.208738667235522,0
-34.75499997467203,108.06088072813296,1
36.603053589188036,33.81183563639927,0
8.368446213396275,-3.039108341529917,0
-10.85599700686476,-82.64274307606718,1
-63.20359679573573,22.70179299713977,1
99.47114438712492,87.15027284011924,0
76.75615434521035,76.63953621571376,0
52.091160374403955,64.1777859765575,0
-34.261639071323934,106.1071504150481,1
-58.69721278456138,28.033832094073325,1
-41.41222018014955,13.156424678131684,1
-7.343583115578179,97.31819482280801,1
50.493193340827034,43.122606098088085,0
-32.08393041068518,47.66244604150028,1
50.45828826838657,42.25991464367132,0
-2.5284875433819742,-19.789158439878165,0
-36.194286856271965,36.22937591982889,1
38.891262751066726,41.37633180268403,0
-81.68382638233939,82.34645465096322,1
10.479652587013849,-5.24890960220914,0
31.31639285840851,26.717782882184505,0
68.6039430597375,69.17624711315091,0
-24.198546351031027,-24.589080323486268,0
51.12719598625131,36.56598279063174,0
-42.08057276902512,94.64420047528195,1
-10.022459733586814,25.98776368547457,1
-18.473694654222903,-17.996986397615224,0
-69.22112698524762,32.02989053956564,1
31.43980276171779,50.552384238999615,0
-12.361536799108258,-35.72302881483358,1
59.83436666185732,66.23359731159526,0
-83.40162321804324,148.1839677632609,1
118.1255017072949,123.7618630993464,0
-49.7047711691193,73.36500124592692,1
71.57443241194798,78.74910425569172,0
-4.939127473731769,1.8841206274747058,1
51.78013260075872,39.958676908269084,0
80.41559432151021,76.61339617687004,0
19.848735609206013,12.253433229340194,0
15.45277503940512,-52.20821708225236,1
-74.6115727984495,63.52612735009051,1
-92.00275133099406,99.8407590778721,1
-23.63481979812645,-23.581325693758604,1
-68.49388084388761,73.91565079688553,1
-41.06384981749446,33.528560340442276,1
15.293926944469405,15.319513584080891,0
45.93911161679444,45.555581551931326,0
-89.39699684359938,150.19947348352446,1
-56.693028623768384,24.8713989732796,1
-32.97047923040537,-9.098121155562222,1
-36.73465400524702,-17.840686762175253,1
-64.75003217060542,127.50122374689016,1
98.08677065312152,103.53129388238057,0
73.29857607679466,66.97441109123274,0
33.04828961836112,40.96920234294145,0
63.83653905055138,72.86721726348866,0
103.47697770515512,94.40778919543482,0
77.80938643312638,76.86056557885898,0
-56.440112185044164,31.291580256088285,1
-35.809076217508576,104.18351675510631,1
44.76211558087478,44.85445267594449,0
61.98063615855429,63.55668455087526,0
-54.02103601858962,31.323398550373106,1
-46.08196104727015,101.5512323477524,1
79.41529436284166,81.1896139815974,0
97.15632156425538,94.46428745484893,0
-62.06491154493953,49.957134796609935,1
3.7547087842633275,-5.019289137450345,1
-69.2235556702017,34.439084200963514,1
8.970068992130088,17.336649866324944,0
-41.12653019387539,19.341859370831877,1
-46.71426768981072,96.7301427406822,1
-12.438835123924818,35.54922665252467,1
58.219613235199795,68.93468997741624,0
-31.44576339022137,-1.688647934502363,1
30.203205339950856,36.0054195683478,0
-64.05092003352529,34.32119892208336,1
-34.008140255161464,-22.619198749693858,1
-42.633842518040844,46.80936382656326,1
-27.115353010636323,-36.31265161249981,0
37.39912586925607,23.17582620047849,0
-93.67963176000526,88.31200977535221,1
0.7069418396773608,14.477640463111552,0
-36.912424618579145,44.45110371777913,1
85.88018519784481,93.3335192458921,0
70.14732528075508,54.22402258940413,0
-76.61643852888271,89.74856921994953,1
-40.403017668080295,103.5770835235906,1
-47.12297738547724,-28.78214420486025,1
-39.72515536909122,42.40100559072616,1
-63.808257160983786,97.23554695612245,1
-52.02963776472275,28.92429141375435,1
-21.5278426863663,47.16727091369003,1
49.875257492380065,57.31752365131203,0
110.6049298871379,110.59639089617328,0
-8.209048895763383,-4.5342658703451555,0
-47.848079794201006,-36.352059472439095,0
11.22848447229295,21.212861381349068,0
-59.33234064943898,81.5023525339508,1
63.181987067656856,54.89215997217568,0
-22.237128995439903,89.62490726858381,1
-33.241163290766494,44.82446284809342,1
-49.710081814638905,120.46453826335761,1
7.362201448759986,-34.923830911515196,1
-35.8261457941983,19.25047823760433,1
60.79216665729963,51.68164707878474,0
-40.93496463081522,-19.33584069235077,1
51.65066108754296,58.64914988987921,0
61.79023772438257,45.67811989957011,0
-47.344567044176046,18.00794040508913,1
-62.94000027576846,34.61055168764575,1
-36.28138155953091,-7.644537430676945,1
66.03653996172478,82.53519284950883,0
29.039015842500415,29.197675646551204,0
-55.724990597117696,90.63860992838715,1
50.45877137577133,42.02320157703343,0
42.19388758874412,36.714200208332464,0
0.02816228282455091,-2.170202276826627,1
-105.77711795103171,103.26714280373739,1
-31.623043852580835,37.278950775340114,1
-109.35749196450276,160.18769612736565,1
-54.78115232109189,-33.19574117906625,0
-10.120132187414333,9.007636473635344,0
-93.60833051784621,40.31171472323991,1
-45.75264785752498,-46.35717541863982,0
-17.297316978186593,-29.051909492586926,0
-50.98537781629887,-30.53872175505369,1
5.747819620673756,7.189893671964725,0
-29.280040937999736,-79.3302246945023,1
89.71949252153844,93.93812729029563,0
-26.59805981696941,-13.746335356390116,0
92.22154242038584,79.36285103245062,0
-25.335655159075856,-9.605651900288947,0
59.61685998653247,64.58433694955276,0
-10.979298662006087,-5.197946954571675,1
187.3054916248963,174.90541316225827,0
-26.18517789125281,-17.043557502533336,0
-12.552567465390007,34.30123540796849,1
-80.60652050079116,23.210289928315085,1
133.28807003376153,128.655441808348,0
29.2970958668662,23.916361663643226,0
-5.402987363166655,8.027706703492187,0
-14.624404198397823,69.52028552519856,1
5.442650019359596,4.741438112562868,0
-68.4250596674209,67.38911032145866,1
-31.05509779990324,52.66497959019358,1
31.144289390725298,30.865786197470502,0
-60.80885715081092,60.8582415827687,1
117.4056256557388,114.90424173070737,0
-56.032375209921646,95.94163584009654,1
-46.724431520185654,47.949620232789535,1
99.11349887533437,92.43092916341958,0
-77.99912762607649,131.0282794341672,1
-35.0288273732554,52.33377582528868,1
-29.384873629260433,5.3172606903580615,1
-46.483554006298206,26.722273326088796,1
-35.73214219736801,18.67821971388578,1
-68.97508459528254,47.9219044888422,1
-89.13478254944181,53.206530306431254,1
-67.62470179792344,134.31788303176086,1
17.370278397520767,35.305881428208345,0
-59.74746101352715,89.0596387230784,1
-25.57384742859707,21.007940706227657,1
45.069636309194706,22.7087683485723,0
-49.320734982870384,129.7061864041489,1
52.45064664045073,62.247965297002594,0
-21.58187850590043,-16.695928370995404,0
31.3152563047292,34.92512613637965,0
-46.00433080152814,45.474266063892635,1
100.24284223371365,96.68261091511344,0
-84.51543261652284,38.31636430549551,1
-62.90916301411327,49.17000670635408,1
75.78134686852896,66.0707705349363,0
-43.62869454043192,53.57336946473008,1
-35.18590819770383,100.62040565522561,1
-31.02468856344468,27.353896254749642,1
-1.1192565904581286,-11.638272771556545,0
-47.44160895692523,-54.28111247885559,0
-47.17559474426681,84.68680436399943,1
77.80325494262512,52.608453959633806,0
155.0930099459772,142.9582105424855,0
-36.65769909021602,46.680612671736206,1
79.56027094149792,78.00448016537477,0
-19.87319963598106,75.69773894625015,1
75.28625396821577,68.53436912675635,0
39.38423304672338,50.598663409288356,0
-74.4961390027904,71.82860859378785,1
-47.721096068694294,58.216883416452006,1
50.338337603682604,50.83945432408068,0
-53.01538991686466,-47.39198240071181,1
101.81474938165107,96.39587212079033,0
-6.576496172472335,-6.191452513889962,0
-74.17117029690844,83.39692080742994,1
56.75540710116539,48.48517039392502,0
-43.71307893206023,50.798885397283065,1
-59.616236817814894,31.038515739054333,1
84.84132115173834,79.76391112669066,0
161.54909867924408,153.69575705380473,0
-50.16390097540159,98.05108642023008,1
39.77310888682154,43.967446002276134,1
-30.619060752691894,36.18375005510846,0
-56.55709781395928,60.53940954927904,1
1.8428808040985456,11.850820258173778,0
-70.9073485733753,130.43435898421134,1
-34.88725829098483,-5.776281336898659,1
-32.928967121763144,-56.39607182241093,1
-12.89600688764776,-5.4515721110304565,0
46.04997954128306,43.0806318744543,0
-48.707572788616375,-46.61792940046324,0
-75.61883350921255,112.7971166695447,1
34.32437758122357,28.507591749162643,0
-42.918316590226084,-19.647627848282244,1
2.244817363639479,11.537520936191603,0
-57.246656588656386,39.03834782767421,1
41.245141794154605,35.742981141124496,0
-52.779442181601645,56.24216512758006,1
44.565159889598135,46.237859152082244,0
-24.584637177327558,44.83694931830216,1
-60.4280409913859,63.59943137746995,1
62.943129228038494,52.26539438925707,0
40.295401326353605,34.74779208214465,0
-10.138515494791346,-5.98764800714966,0
-25.430453874844893,16.16682450947155,1
-47.174741386047174,62.98812417540049,1
28.491377992872046,34.207744253064796,0
95.96297029116475,83.6661308157368,0
-71.35296901076306,45.570129749707554,1
84.83445080859579,95.29382846289506,0
-65.74955654806654,105.76087472868197,1
96.52375390951255,92.20511561512049,0
-60.049280940167215,94.85268855114259,1
51.2320611127653,56.7184661098876,0
82.59196907075463,77.11803112996873,0
-67.23744712468617,72.52371036678555,1
9.421024573532227,2.828859199533756,0
70.3999269827574,68.79022904419169,0
109.3967881789765,107.36239247239607,0
-35.977054782875584,68.86432342841415,1
62.98963322463956,64.01376436026,0
-58.73811861695803,79.99838205427349,1
55.648826896436134,58.59236201878145,0
-53.05121864246539,84.13430471184866,1
7.599681051621548,0.11612840791504486,0
66.52828241721423,49.73720488784894,0
43.252601895714946,38.436590228159176,0
-53.57632787100284,56.30453625157745,1
27.308775455388197,22.31272338382025,0
-15.325091694656335,-43.69339984171112,1
-23.198604650989836,-32.54445455902687,1
124.86258082410816,109.65901164015497,0
96.08946547979598,97.86958203653164,0
-62.63948113680544,58.88708760958987,1
146.25447251923842,125.66029164231524,0
60.33679292911253,59.912092724967536,0
-30.677229374941405,19.809379512979998,1
31.01923766538152,50.609200518702345,0
72.65055569826066,68.33976016950145,0
-33.86445657196362,42.21003916005191,1
28.160509868407075,30.376246669370133,0
67.48623504435018,72.29334473395055,0
-74.17038289418126,94.33973470089111,1
70.58811564250125,85.47289110648855,0
-54.48624746539173,44.851576695960674,1
-81.51656016826868,38.4148923609646,1
-54.31430869965295,19.35679256032668,1
58.03496520445432,58.457955594857005,0
58.879613492634796,40.29565549832081,0
-25.382999658109583,6.565388468134403,1
-58.46941637699281,144.82721883595212,1
28.49767371542319,33.70412032038295,0
-92.81099885835712,124.72005820505534,1
-0.8996010994638759,0.7255728382800752,0
-44.59477285640954,76.47034145137282,1
-60.03945260548422,148.31933180286848,1
-65.3917609896821,41.98627864295272,1
57.14674952914292,70.54486728606614,0
-2.2045149699054134,0.2787059675433856,0
40.39303796026304,48.88443345561797,0
-30.923400465955286,64.45211732901095,1
109.4094828035324,102.61940929148312,0
49.729418236490936,62.87497208730731,0
-22.366313794808722,-6.784973922018855,1
-65.31390907731125,-4.445475499104856,1
30.781123599054723,42.20618005059079,0
19.87186468138193,17.48774936533792,0
12.837614093456096,23.152729139567995,0
-7.8850697784525465,16.514241509888905,1
20.409552508755507,20.29849731278589,0
-23.132345841661373,-17.386018835917415,1
-28.630217557959824,41.86272676701897,1
-16.41895305827299,2.1522084297576907,1
-25.893113077523044,-26.58638241727631,0
-5.647306469911384,-8.951377745252142,0
5.531072490763844,10.173026295148468,0
-98.2988947476581,122.20696118931096,1
34.44805318764074,42.220944577318434,0
-17.500606522703972,-10.903839850255226,1
-60.78044226385764,70.68580869392996,1
-23.224885878234147,-8.82066420923483,0
-72.87687396370075,146.924607276876,1
-62.169569497222085,128.00755799722734,1
-74.27903903802093,29.46915714477642,1
-82.78529994142568,103.01373573755552,1
88.04735955755393,76.41595390331467,0
80.897192666997,87.54205349829991,0
63.00980996721142,42.45962195667445,0
-86.2665462654614,55.89543292865093,1
38.71895126426959,20.641698186092896,0
78.77975112450214,67.17949901955129,0
-52.446477660911164,16.948963886752587,1
-43.98311401092497,56.273625457795426,1
-19.09276743997565,7.318101516130127,1
-53.74556117006462,61.584542824011514,1
76.58931796166935,64.78001626313284,0
-78.52457743159651,93.87178232748357,1
-30.29914772831007,53.20574947825263,1
-23.060429594839384,30.418538213468295,1
64.60700929674931,77.53930512821489,0
23.169410529842025,40.35911880458071,0
-46.20789354628463,-30.162758130270095,1
-18.266213095041472,62.434424588568916,1
-39.1214395941221,0.12930234674480845,1
102.1330425457001,108.88416696008821,0
154.6567588387167,149.2891139434946,0
113.02803066273661,136.55465573314495,0
61.96935142583293,59.67964220144495,0
81.71616519518652,73.52869256730179,0
-69.21804254905462,60.757910299622054,1
125.63685268461424,129.83555388056342,0
-64.25480146930525,122.47797111592855,1
-50.915377490248005,84.41076649431301,1
130.84665198387157,120.30505915975,0
30.45469798923176,36.07428715164562,0
110.53406506158056,96.42801861044185,0
-64.64917761482822,56.36011922540426,1
-55.95048355687846,-28.725516656692875,1
110.37626113555037,102.91366696807943,0
-45.647527518041066,28.453160625012586,1
-77.22562758497884,108.45664694209506,1
61.45866442130789,58.75144274560073,0
93.06195052316721,92.94179015296949,0
9.368705381525816,20.790879668147667,0
0.8079751465120022,3.067525399568971,0
-34.51770763476435,43.401578603113364,1
-65.54463156011478,75.47794288258105,1
-6.761331713435414,16.815832188517398,1
47.392441346338096,58.57686984308308,0
57.13040458620409,69.64000131540868,0
-60.25213710110309,171.58245554563217,1
-33.097191411919965,10.432234966964193,1
-47.46744534950255,45.5975405308664,1
-79.44736947135114,61.00969979127241,1
-61.107206013944094,76.88855938075724,1
-79.35167874549921,116.30172597504406,1
-73.99072627587576,137.15628661843485,1
-6.984197787001845,36.60783985397638,1
-39.83734703609789,42.31579111690584,1
-35.847762815681726,28.098380077075568,1
-26.43008596644162,-45.00109785390023,1
124.03307891472197,121.6468358924401,0
0.8385719762976418,16.083237081257618,1
-63.662985745835,87.97020442929669,1
-68.92812151936373,4.291194157089468,1
24.768964615296703,8.990767253937214,0
-26.034088648039074,32.11114851234369,1
-48.4971679176104,-19.567586811422565,1
-77.01006447721832,80.27869465485942,1
75.78178499973984,69.84600865537396,0
-42.25771635092828,37.192057012759044,1
-86.19570038661296,100.6934310339463,1
-55.02845452283688,67.6782935084115,1
100.60217282581867,100.02799456796237,0
53.26075231732407,53.839543644163136,0
-48.094864238321186,87.76956166872135,1
-55.761522160507425,14.601868569733007,1
-32.33348878356467,12.200106442633473,1
-28.443804238781855,-19.75693336169202,0
-99.58969243901862,48.618594293491,1
-63.42114885448484,-59.38457988653738,0
-74.61960359202935,65.57993486736041,1
-29.49932059307292,-28.24518370370844,0
-35.012122858657214,22.481549950134628,1
-62.17586508187611,97.54629406548734,1
-21.65637081005709,-44.50758062604451,1
37.77627234268375,33.76972388560608,0
-72.35632103407438,94.45329224654493,1
-50.036003856956434,75.86301810814798,1
55.05923266261168,74.18524152929649,0
-59.97963012829873,90.46183929296278,1
28.06447236042251,39.4472825990594,0
-63.15888067857649,66.33313131112074,1
64.35392043421737,77.1559407468064,0
-86.92673076177324,54.84869988090955,1
8.428610504157419,8.692508066142091,0
-42.67220987557295,-28.98949611645317,0
116.73371805367303,100.46702581397669,0
-64.37983939139464,98.08497609856406,1
20.44769548510103,15.854557553959852,0
20.366885624452014,21.688219393163287,0
29.493994445941286,26.637018799389317,0
20.83846558763762,3.5802379354850866,1
44.39808416460506,53.0180471140107,0
-37.04343746254358,19.149294584307107,1
25.472116686023295,36.99136627024643,0
103.7710424603689,96.13002635162748,0
-87.15742357911485,128.7433155519008,1
56.22951014614257,48.69855108107953,0
-40.01541835831628,47.42723842946484,1
84.52498831336193,96.23014632485689,0
67.23727842387503,52.97258478009268,0
-74.21845985310573,111.5188289467826,1
26.723246730571308,41.40519358109245,0
47.7573047632518,57.75909794135716,0
-51.618825573889346,15.885481445435644,1
-71.56507078938456,84.33653192835571,1
-37.61511553547492,10.409994455054495,1
-20.191256020126126,66.44787657498827,1
-21.793763110644893,-18.970067240303536,0
-96.15075738243344,138.60375537962042,1
-35.40993960412984,54.46597728424839,1
-65.56220585249167,109.88203470611295,1
27.516012555684522,27.371565316134806,0
-69.68131052644166,68.4181475427073,1
67.25386151284569,64.79737246022454,0
133.62227879228996,136.57748697263625,0
-49.35956544357181,51.07289654222672,1
-24.317429445326592,8.614857322092606,1
-39.7143976953319,24.98193870422091,1
-38.77230822884032,98.13177633009896,1
44.8059617831231,36.65674920747922,0
-76.9169248353193,60.5183372731798,1
-22.9807536333312,81.4947882854368,1
-51.25281776146336,76.06097573044852,1
90.99764779661162,81.99701643065976,0
-35.97193077513385,48.20819916043233,1
-50.01606269861912,74.50365473953754,1
31.43823158533039,38.153023729736276,0
60.11670424180657,55.607961133393665,0
-46.18757274020534,-51.10118142150648,0
-60.7772336476681,2.118781598487607,1
-51.66241978088356,1.9875141273372088,1
23.20930217199407,14.50622286952713,0
36.18344431430426,34.149294858729284,0
50.094671081622145,54.2135666289008,0
-42.848714668667654,43.93121656647383,1
-4.517655077713057,-6.957115425389848,0
15.807196605730967,11.734433319187126,0
77.6899185442189,91.03108585708478,0
39.16966365336729,30.221973790834504,0
63.75186058018989,65.0350005925795,0
59.58649123313593,45.463814405889124,0
79.66678257758011,84.94842581642732,0
-16.236131480804982,-2.5209266177002587,1
22.339541728951883,29.52359413922897,0
47.97867886638208,32.016660918599236,0
51.42713932307288,60.752092051044635,0
28.17982994516545,38.35323435793284,0
-57.81065019058882,103.7975760039143,1
-36.87272137911959,16.820044204875114,1
53.27025295251866,57.56603919008069,1
30.056674211633812,25.204759197355266,0
41.494591405093296,43.979277008097725,0
-3.7126642921291975,4.595762242058621,0
-54.29381883868306,60.82086620384503,1
38.91880821150121,33.68570788779125,0
30.364032716332535,35.045538676614605,0
-38.89110030453219,22.06809870144732,1
103.1683135866098,97.59362940568795,0
88.89285810202398,100.79337520135185,0
-95.66126272771275,69.74690745924502,1
-84.96063780759017,156.24818051081408,1
50.16591911166173,63.434456882404476,0
28.61388165066589,33.84737649605371,0
-69.31102415683799,56.110485074430215,1
58.28911136922951,50.75959023433534,0
-70.96561215610772,58.97141064030603,1
-13.02506353130417,56.077006620626925,1
90.10478493560822,97.20781561377227,0
-49.47121950844493,-19.591929206620563,1
-60.3250231993827,96.78237119038448,1
-0.3006302576403552,20.263025573711424,0
79.06484141159311,75.42984549521846,0
-59.234778436793064,119.50297949688525,1
-62.968498714362234,85.29171102518424,1
1.341904205520239,11.360627025597536,0
-92.84068678841213,96.25663831177748,1
-54.06979114444843,79.00065752033372,1
-47.01132040747332,-48.70085744683652,1
97.12593457962217,97.91752133952673,0
45.68234731176112,52.031726444189005,0
-1.6975590960733145,-21.222825302247717,1
-60.01818183015239,-15.463863449851,1
-40.07676111470857,67.70069077789582,1
48.372924385592555,48.39323191852964,0
-50.660543616324695,80.21307235927443,1
-49.262831387429195,108.36556552005025,1
54.06655184070031,63.21873961321065,0
-35.137677759247254,51.376801321547006,1
-31.191675187454095,71.39392798986107,1
38.641083655806966,39.434965497223075,0
74.86196246120701,84.08162613606943,0
99.04228309829732,86.67797798685926,0
-51.74261090759919,33.41047119096697,1
-54.844338337567045,32.91823564295743,1
90.74824318232535,89.35534634356404,0
-17.748719394827834,18.796998780785444,1
-59.61728626897358,39.112408197974105,1
89.09533430766407,83.95704020148374,0
-88.2857279468216,49.64281524522459,1
92.13196677773122,86.95942497472214,0
-102.89365880785981,172.79001630323052,1
-14.811091763450552,-10.584826655373437,1
105.40718151828781,108.65533738697708,0
103.50159024827957,84.77819472958784,0
35.2352776553819,38.35724275140073,0
-6.098410041504238,-5.0622869312627605,1
94.86332499792718,77.56888317552601,0
75.59048807809691,72.69541656839647,0
-33.80755983542601,74.84891368112645,1
34.20668717874601,38.747917126359944,0
-30.43395354582078,-21.826620876708226,1
103.45027982725014,75.81857924565907,0
-58.073187295455796,-16.053039221067067,1
123.00229298450822,120.6997297511026,0
-31.701063969485666,138.7068216003467,1
-8.107282269066252,19.691704574649606,1
-76.09256815729336,46.672619699076904,1
-61.13736769714054,59.1805877700754,1
31.093955295335064,38.14943881772675,0
-66.39663694073528,106.64328778814405,1
-67.25155278151753,46.571481424168226,1
36.422067223284685,44.50089134003445,0
52.763277413934674,46.823120198235316,0
-40.24772844438611,76.39622043301173,1
-47.24300641618606,112.67311804508589,1
14.84843374103938,21.068343211432317,0
52.55663908784033,51.339237324287055,0
31.81394377652093,21.161560315092405,0
115.27675076967967,106.307616260731,0
-84.11550005190287,138.85877864455773,1
-40.786661038266644,98.81020148635827,1
-55.080021011334736,33.70844915727172,1
116.21069046152839,108.82894670631838,0
14.118671103803615,17.508235501086055,0
-63.09176541741716,147.32978052800553,1
69.19818300887424,63.487741844654245,0
-47.96797409262417,146.79025565299776,1
73.99521365812663,69.41611213828314,0
-24.152766659550874,-53.20516794199619,1
37.874922915660036,44.83223628729092,0
-11.068195879850446,102.75624598866409,1
-47.70074028040888,-43.622702646696474,0
-72.39611943465358,87.44953972174203,1
68.96848621789594,70.05905490176528,0
-0.8540199195175124,-27.044528972044656,1
47.714202006258596,44.42706587336141,0
85.92377470916637,92.03592183670276,0
-62.44796940251066,44.87625511866785,1
46.19155028231175,44.32486311572522,0
-59.16565316211635,81.36501636198035,1
89.62799963430972,85.7275717940859,0
61.32545571819138,51.276010609181974,0
-117.97406936389167,107.02202959722887,1
-5.085393640451014,35.2582586192646,1
-58.91888847632624,10.263667042497932,1
64.30072074906083,53.71134180115161,0
-17.011859232351156,82.55941308219002,1
-49.00948449618717,13.081607295647585,1
63.08851530036398,60.07629553106868,0
85.19261636245666,79.295757872235,0
-20.252230940103345,88.48153435462483,1
-21.684550057580697,41.83174774782318,1
-27.444843405009966,83.58213700505257,1
58.01268630459479,45.553726888045915,0
-65.78860480726412,46.201216114114644,1
-15.928339226512495,-3.2768040001201815,1
32.38976843925009,37.62551720063369,0
67.36410704761309,75.36084533844559,0
79.04087627240428,85.86237443368032,0
55.085490148513074,63.6045446670545,0
-107.72827428552161,151.29211912281974,1
-40.92415231257937,87.75634825654124,1
-29.582985099481597,5.123221548550438,1
-43.73134759858559,54.91781973531439,1
-45.6430639210112,1.1172434435438805,1
-12.310406820538011,-38.2640132011054,1
111.68429653785026,87.2670906485287,0
-50.00166166589231,33.52828840837122,1
-75.18970050672016,51.773018507769095,1
-57.45309778765453,-19.030136934985965,1
23.994839236346664,15.498328744740386,0
62.91064378774189,65.66006552137807,0
-57.47772745336572,39.32302877354519,1
-59.10734559067928,70.71511239610902,1
-82.381727674454,65.2812402570355,1
-47.59785328660872,44.48862392444861,1
75.70874620048633,92.10956699531624,0
85.55693605945658,79.01375615992565,0
83.7793730969254,78.79446456613853,0
49.16486894710539,40.9513496684964,0
-62.364097696027734,70.94340194147154,1
43.93206108918732,36.36807131342762,0
136.97481146388523,131.5597490924193,0
58.06450220545965,42.6384341482178,0
79.38883971703359,68.58176510355423,0
41.05903508080312,46.64578581602844,0
83.36791988074839,86.09831131327297,0
-35.822462896196974,41.11829928796813,1
-56.07600646012805,45.616340364417326,1
-41.787057753024804,11.245319002230032,1
-76.83504857956231,-65.09000692351196,0
-26.09382995982269,-25.71311886100276,0
-55.297318791216775,75.98617582908595,1
1.2317939950360013,-48.64804615913787,1
48.73629559277152,51.541471559501026,0
63.65602575516556,65.65679494094813,0
51.74645996717242,51.16925203497669,0
-37.51802743796985,87.54900020420313,1
96.85615858516118,85.57849212917607,0
-37.72577368994663,123.09755266396803,1
-43.27968223644324,-46.76430696491938,0
-8.933094191717128,-3.7863540811005847,0
-17.282261877960757,72.26974801305394,1
-20.938890659338426,67.50767046928355,1
123.22610096988251,130.2716251591094,0
-15.02436461676342,2.118474254754382,0
-28.934764624228148,-14.734935710322583,0
-36.33451999611553,-31.213511938816662,1
-42.91165433083816,85.85581013822383,1
-15.883741026031107,-61.52445898232863,1
-67.30280178888471,84.25181006883244,1
32.296986153992954,34.33000933742493,0
48.91364220795543,61.02877550779553,0
65.64007041056927,68.5820736500875,0
-77.08891258765883,85.42538322949899,1
-67.54365313627302,88.5161050256915,1
-73.50957443693089,54.02094586863198,1
84.29886162205445,83.57851612512528,0
-52.27547711127731,61.34341819956878,1
89.82335013645223,87.14612645242985,0
-50.91750537751499,22.40062152616087,1
96.98619223813346,106.76398674794854,0
70.77210669189688,59.21494585334034,0
-49.90591746112706,30.142323412428517,1
-40.52052685660383,62.88946207121266,1
-48.6679872140257,61.27184636401112,1
68.7939439742375,66.73403207269153,0
130.2398824005618,124.34938699244351,0
49.33426046048205,52.265195607643975,0
-15.977183537760913,31.322843079228296,1
-29.698782332816975,-21.110696926993743,0
-30.26302114594098,26.27635396541908,1
27.05835659670121,13.65940079892789,0
-26.862476646319333,68.13537042788793,1
103.10734196335925,99.80706226939856,0
-23.3207460309929,-30.7165121345767,0
85.64941279882467,89.02248843225208,0
51.63191126831035,41.79226251786817,0
8.761009525620672,11.71915542687123,0
-33.19968450049511,90.69903934408279,1
-76.51647232247689,88.33868426428778,1
-58.532778088331064,33.733091122329526,1
-40.25766137162188,15.515019561906811,1
-48.396897996335795,40.78537262106699,1
134.33655156626622,139.98946873204068,0
-42.86857929983522,-20.72469043544397,0
97.84284510048803,83.64842288141878,0
-6.857401259868046,-5.567701072767917,0
38.03405930229631,46.15539200249316,0
77.9807904760787,79.04098170968274,0
-76.25197884090483,2.317841922404745,1
38.324951003919765,35.35334450451851,0
148.2212166403827,148.4473679310549,0
-4.3378339308670295,-4.6703727577998455,0
-28.789877258847074,25.517642327783264,1
76.6030449821017,59.633947619962,0
35.50502438815238,27.736797163395245,0
-54.67191232470543,42.528138489419405,1
93.98915354484467,99.24114922480081,0
-86.16775449533134,131.36267371145584,1
-11.348914202195159,26.856735936907555,1
-62.42982097768955,109.10551616055074,1
-81.3083465425523,81.76407750032793,1
-58.45304084948112,87.89876664816587,1
5.6642494705503035,13.063496314250534,0
52.21729762024886,41.84779721877535,0
101.10854288969628,88.96918129117748,0
44.75721114627803,43.60381058162777,0
44.28247105259231,40.89228233806142,0
31.911227751533378,30.325291040602565,0
-69.21779692455094,-15.734812646777474,1
13.56575442417402,27.5870912571476,0
-59.61736849300452,15.950470540993988,1
120.56529696215254,127.37233605871539,0
62.56358948378144,50.45692256888636,0
-83.48757596497178,118.59285675984815,1
-78.67059427224254,44.440898791781436,1
88.28047823032948,96.39902951519753,0
77.3719101040088,78.59533442989341,0
45.09438449393012,34.63071286080935,0
92.35582948295516,79.44468730461823,0
24.41878068411135,22.7746561378138,0
-69.23428836743551,21.11916337085341,1
-52.635561263337635,12.708340099652427,1
81.21320454718274,79.14343249921252,0
-73.87526136709145,115.52021162521457,1
-40.290000134842366,-34.89440965674919,0
12.434821232115944,4.328145924852728,0
-34.78164852912392,-14.629606859589806,1
-4.388006945287026,-7.857877483421061,1
-35.72664109590685,19.00254019896872,1
60.963231152093044,53.600960522856035,0
-73.66911218411667,117.73874289016067,1
-29.275657089264733,-8.709675121885429,1
-55.23228579166537,-38.581903863964165,0
7.9433102380882135,10.485847818748839,0
-90.31112072688059,97.43717538341832,1
-38.865775079230644,76.51299117448964,1
-11.48065220469548,23.34452753029329,1
64.25615629172293,64.5333470070463,0
-15.574650911464621,-5.8402887773797545,1
11.368710137433819,8.144285951560503,0
-69.94327543712224,57.70830941485988,1
79.4168514246658,74.524345488194,0
93.4036646730988,83.98031674405787,0
-43.45216704723817,65.3904412002012,1
-25.623534823473697,106.96056466183734,1
3.111529262182633,7.912141534870526,1
-84.16153278712511,60.804895605075224,1
-68.9660341221864,112.2432556900951,1
-29.47101385005081,34.25216442105638,1
-68.74097566783313,132.27225647541596,1
62.3372620271658,63.2202527488819,0
-57.84952103753531,24.850063274205645,1
7.898947361167941,22.794542085436532,1
32.623740268352385,38.14706225650223,0
-38.25868186736708,-34.05405051572843,0
-14.771431172785388,-8.15450609925864,0
11.759310915888332,18.561914327765283,0
-55.89456466832944,49.62047582538992,1
-5.5141694201570886,9.751024610627596,0
70.77587747736783,57.554870447700644,0
-29.722055906854116,-25.868390324147605,0
32.76073328938626,37.83605029463963,0
-65.52755464285423,51.28855289203943,1
47.99006012684585,40.585659147994654,0
-20.404625749081852,44.39627994421917,1
-17.919979106910244,46.47026834885031,1
-102.22497576061886,132.24291047086862,1
22.906497854253015,36.798812707565986,0
-73.24498412704024,34.83802265479324,1
-23.595297956351008,25.366989646170218,1
197.07990916082682,184.25661234620853,0
8.48148476716133,42.29792232651906,1
-3.064805196221676,16.468315882425973,1
-46.112334338656524,12.571913241712874,1
-61.345513901106266,59.65951907244206,1
-33.75912018757584,48.49285914932947,1
-9.61626248393907,51.58095122084352,1
-52.865436322827975,19.414679744216844,1
-7.398174556327319,-8.36217282921411,0
-30.894073613311452,-22.607284843472808,1
-90.45461482471893,50.64168855766458,1
-61.323621271800135,35.36427341190041,1
41.61235611290992,33.48677269045667,0
-54.51640546021911,153.81372850671028,1
-49.12506561069089,115.30902496274278,1
-61.71976862187392,51.786488745570395,1
-82.43917556855132,74.33559005851421,1
-11.3604888048974,-70.7031040873428,1
91.08317604684706,91.10658444085358,0
-26.25776802843684,-8.461725641374883,1
-8.777723604983557,2.098338686195278,1
-30.623825565729557,-32.05733276900203,0
-39.01631611216566,-1.733684322204243,1
77.51182714014222,71.99478284954345,0
18.32751837708018,8.888263998743085,0
100.95896147814184,90.06077272465559,0
13.372007312990409,-9.942462542166751,1
-107.044823546947,118.53002032826086,1
-60.45406033717472,45.59833831162008,1
-44.025456691875334,-26.52402710205647,1
117.52118338096689,110.46773367831064,0
64.35344979244788,80.79794951885809,0
-55.54945363489943,-4.432547157037825,1
47.808490594865596,59.99932099993466,0
31.437262659802013,41.6237646302962,0
34.59175327363072,36.10297460815106,0
-74.62187351274329,71.39645294491976,1
-18.100322610243,-18.835388325337597,0
87.5516696262052,74.14116660003643,0
-12.034174042524526,-4.933171080038901,0
-54.61182601962307,26.65709580676078,1
47.06366134382538,59.76154501867652,0
-59.69365564398655,27.10051856606062,1
21.31679000538544,19.202358406951024,0
69.73554733485734,54.51420970611374,0
-87.46836389919304,89.25028574199729,1
-53.97015687781165,29.874879145757184,1
-31.425760826540603,43.862505811364336,1
54.96735407640456,48.868166597677046,0
21.346403256742374,30.02845541314664,0
-10.326999699816197,3.7971395771616514,0
178.47104345871395,174.395380937403,0
-56.881231246159246,0.3992483254109669,1
54.04588313818307,50.727331428113445,0
76.11805291717455,52.4892586356098,0
-9.531269340538673,-2.0656591250573064,0
35.51911733945853,35.63142875000752,0
-57.309398242145825,113.16534259864513,1
103.12750107425646,113.08426122222468,0
-42.7342067197302,106.96697029042919,1
-38.97385613812676,84.82557244103921,1
-90.47977112533646,60.496315628699236,1
-84.7139144332629,57.54220919402198,1
-32.65428547825701,3.5965075168483573,1
-64.8864386000771,36.21086880097449,1
-43.261665226126944,38.04723321512095,1
18.732683686399596,10.502792208671652,0
32.03385282813959,46.1567293641516,0
59.79513488748716,58.17361534715515,0
-49.34813450497641,56.261515898423866,1
-72.92933517851561,71.9545325594829,1
169.26477196503203,140.46007506409538,0
78.69792773759188,74.31925266424427,0
81.36637577592339,90.36885039352612,0
69.43580334406667,72.97058102956075,0
40.72831552678478,49.01343461377685,0
75.753730995412,76.71182416934353,0
142.28933670701247,151.86264294493046,0
-61.840377164164494,17.43692821962061,1
-46.85061816534581,29.035600504145137,1
94.08788592334268,79.62228168543861,0
-1.7633877924985997,30.828459664687685,1
-32.41279283137797,-5.501667689067535,1
-56.09190314566774,58.07365931006031,1
-36.02728654212995,33.608861460162274,1
110.97691022789849,108.63902124254135,0
-49.521450499203176,61.76208763969411,1
-30.71884335806749,70.90194094966166,1
10.551983925694447,-2.370202367622398,0
-54.045907676216856,3.9658512217913167,1
-51.18379498027108,79.32877643207526,1
98.52485805137195,92.98034304679862,0
-2.833633564485327,16.040746899550495,1
-88.95215226822135,133.4099198709076,1
-42.76302895808796,36.344100338329845,1
-45.202360823721435,68.56124171501932,1
158.16446894681536,150.77832545601512,0
36.420505453803685,31.075033239727606,0
-83.97067342449301,106.46677799144261,1
-16.281323023098217,-9.223494409630018,0
22.59330568577747,36.50080318002682,0
11.997050271207787,10.256478356448206,1
36.531898778231266,44.919535575047114,0
44.22189934925915,43.39980676313419,0
-76.47387283817082,95.06086401168808,1
-15.52563910623393,52.9524032843071,1
-10.123373690065263,-28.031849950299492,1
-2.1584742400297507,-2.497054071082283,0
100.97404983812177,87.73324660404548,0
-24.607699349961536,13.245945319004665,1
-66.50910632128333,20.440073655927716,1
137.26099286215387,132.08277865374754,0
-92.84092996197191,135.1186725070652,1
-4.689907255220338,-6.777121779526574,0
-25.359391797484044,1.4159911507452327,1
97.94129859238792,103.96773287112877,0
59.20776275815327,58.99049231362925,0
80.12640995821552,78.13465017817647,0
-47.89776878917144,57.50994120293924,1
28.799711406979338,40.3145996627101,0
46.661065833472925,45.75547378087121,0
-92.67284484468883,162.4019079880233,1
-88.59145028740966,139.8713644592935,1
-91.60787506674151,145.08210994858902,1
78.8312408308203,87.99930972017529,0
78.8600114944193,76.75033678755072,0
6.815187692434127,-1.6762001883622868,0
6.382443710968266,8.773375269752155,0
-34.77463292849669,-33.2784179967204,0
-61.52205783041562,35.085535502343845,1
-47.25097631688704,-38.43596209911189,0
-24.9606062213801,-14.935029292443625,0
-36.15036156376389,46.327631999561525,1
-58.0040299777554,-13.832593997291964,1
-25.03105297245629,-26.12242024888919,0
28.230726182971015,33.55839337525089,0
-107.3766431842316,74.87994121354173,1
-56.74753811109362,93.16479134096247,1
3.624460207162339,4.452132116894286,0
38.99539195559138,32.22604465064289,0
107.81276267711355,100.81690058419288,0
-76.90797811178925,101.15383363271002,1
-39.01828473328348,77.88052625207538,1
-62.30782879165797,-9.28606149999438,1
-52.50212106308376,50.51295439730509,1
-35.078311086090444,49.613597104932175,1
-36.703152189872135,16.582960716594076,1
49.92198157427991,55.699902250592416,0
65.09266634786722,66.66761562552472,0
-30.359277829294463,41.527802984268156,1
73.82864311324352,65.89778511566118,0
21.173803565452744,18.664304750466677,0
-15.398644746264267,-3.578999379749015,1
-12.013177665178777,26.11551440165723,1
-83.50132690461002,31.177284856604548,1
-63.30083520096845,52.97459440887092,1
6.992798711857128,4.927541481071712,0
-8.943776456694174,-5.615944236059089,1
-52.43940962237599,136.73876815544347,1
-21.99519300319096,54.514270676479356,1
-57.01205423451945,48.75545495486829,1
-51.45785271354024,-32.282023289821694,0
57.83927110401403,44.075452745643354,0
-81.0886124303817,122.45940075080482,1
-26.71206965504703,-6.351131878940819,1
-75.87012656915543,35.0678942975175,1
-39.07491978473801,67.08769629021799,1
-36.99286011537904,56.25128404852252,1
4.407657938009407,-13.359178468398392,0
-75.4005499064441,71.61952901338347,1
-34.27331779114657,11.062354379073364,1
-49.385496117292185,6.631311720167698,1
-39.64355001305128,53.30225104120352,1
-11.81071319294708,26.618513344947754,1
-26.167547358191847,95.9762035954569,1
114.43294918644682,115.52682267408967,0
26.354030462565802,31.102396344418644,0
88.53957726136932,82.22075729836425,0
149.10212744033754,132.91687415457807,0
60.15709826336023,61.679486695831045,0
-22.85218929958076,-25.885798406300108,0
66.91268752518565,56.8902554636355,0
-55.58819047971832,-43.16037197644371,0
-4.235319980199881,-59.648509717494356,1
119.26960340075539,122.84547051650692,0
-54.40489174890484,40.05299709835814,1
-56.620418555814375,-4.723641559243208,1
-3.2632228412525888,-3.426289945962946,0
34.46536903496226,27.578562038612546,0
-26.52297328192208,87.04863295530534,1
91.39828126433372,89.24890984938013,0
-47.45945898230248,38.6825163785181,1
76.99150595025068,69.57354087445763,0
87.95350671792144,78.05708121893271,0
0.3812406967098281,-4.913491608835852,0
27.404675075306535,40.92228619881958,0
17.31981679938831,27.42150936693175,0
109.35974213876598,111.00112881559816,0
-18.801664355294566,-55.47638555120387,1
-5.914380321730617,-0.23685867845469888,0
19.71171236898983,34.22345224807142,0
-60.81005498148958,95.07091002399292,1
-42.67769760180388,109.27798389220536,1
-5.419970679065711,6.114878821094072,0
-60.345615787768466,56.16577705399614,1
42.5777301445638,51.78737458391036,0
2.887067971260149,28.30791431694417,1
28.25237477133306,24.65827460829607,0
67.2786073272457,71.88220415736187,0
-66.23448117312056,63.49817025411727,1
60.18884513958304,58.066914245010146,0
60.487679062006606,62.57660832818962,0
